library,log_level,unique_function_count,snippet_id
logging,warning,445,snip_08559f82
logging,warning,445,snip_898ef64d
logging,warning,445,snip_d7d7c841
logging,warning,445,snip_9de06ec3
logging,warning,445,snip_bfef7f6f
logging,warning,77,snip_3ed52e49
logging,warning,445,snip_c578681a
logging,warning,445,snip_d26369cd
logging,warning,445,snip_885d8668
logging,warning,445,snip_aabf353a
logging,warning,445,snip_852e33ba
logging,warning,445,snip_66f77570
logging,warning,445,snip_fe6d48b4
logging,warning,445,snip_bfaeef6b
logging,warning,445,snip_a501acf0
logging,warning,445,snip_73c1310e
logging,warning,77,snip_809ac23d
logging,warning,445,snip_f3c8c337
logging,warning,445,snip_b2526acf
logging,warning,445,snip_07d48827
logging,warning,445,snip_918dd83f
logging,warning,445,snip_9a89cd0d
logging,warning,445,snip_78c1b3e0
logging,warning,445,snip_3d73c1d3
logging,warning,445,snip_fa47e96c
logging,warning,445,snip_74f19a3a
logging,warning,445,snip_7de756ec
logging,warning,445,snip_ebd10238
logging,warning,445,snip_0e494424
logging,warning,445,snip_28ca25c8
logging,warning,445,snip_bffd2302
logging,warning,445,snip_7e6cd60e
logging,warning,445,snip_37fa6ca5
logging,warning,445,snip_c58e00e7
logging,warning,445,snip_b1d0b362
logging,warning,445,snip_9fcf8e58
logging,warning,445,snip_f026b820
logging,warning,445,snip_e32bbfbb
logging,warning,445,snip_7da4071f
logging,warning,445,snip_174b042c
logging,warning,445,snip_09093067
logging,warning,445,snip_c1646df7
logging,warning,445,snip_c22502f5
logging,warning,77,snip_76ad191c
logging,warning,445,snip_d284a30a
logging,warning,445,snip_31bb005f
logging,warning,445,snip_0666f9f1
logging,warning,445,snip_da6b7ef1
logging,warning,445,snip_bf1dc514
logging,warning,445,snip_5ac3ffb4
logging,warning,445,snip_2f80695d
logging,warning,445,snip_315f0f9f
logging,warning,445,snip_22aa4f32
logging,warning,445,snip_51bf8472
logging,warning,445,snip_4af0f2d4
logging,warning,445,snip_7df9bc3e
logging,warning,445,snip_0b6b0672
logging,warning,445,snip_85360452
logging,warning,445,snip_d19eb37e
logging,warning,445,snip_5d2de72c
logging,warning,77,snip_95ec8d88
logging,warning,445,snip_4bdd8a34
logging,warning,445,snip_bf05d262
logging,warning,445,snip_a5115408
logging,warning,445,snip_7143aa1e
logging,warning,445,snip_0ed816c1
logging,warning,445,snip_23c81f06
logging,warning,445,snip_fb376c5c
logging,warning,445,snip_fc9e66c5
logging,warning,445,snip_be482f0b
logging,warning,445,snip_0b3d9949
logging,warning,445,snip_328a0b01
logging,warning,445,snip_4496e45f
logging,warning,445,snip_b915ee87
logging,warning,445,snip_a02360d2
logging,warning,445,snip_07ec7f45
logging,warning,445,snip_a870a31b
logging,warning,445,snip_66df78ca
logging,warning,445,snip_52926a2e
logging,warning,445,snip_95de8fbb
logging,warning,445,snip_5904bc06
logging,warning,445,snip_8d4abacd
logging,warning,77,snip_ed21639d
logging,warning,445,snip_db243a5e
logging,warning,445,snip_e4576397
logging,warning,445,snip_86455094
logging,warning,445,snip_5b0d40f1
logging,warning,445,snip_13594823
logging,warning,445,snip_aad4ff04
logging,warning,77,snip_264a1163
logging,warning,445,snip_6cc39a6c
logging,warning,445,snip_d3a40007
logging,warning,77,snip_79295581
logging,warning,445,snip_ddcf9cf5
logging,warning,77,snip_ad1c5806
logging,warning,445,snip_e8cdc370
logging,warning,445,snip_902c064c
logging,warning,445,snip_7f473c24
logging,warning,445,snip_6a136c59
logging,warning,445,snip_68668b91
logging,warning,445,snip_a1ee5b7c
logging,warning,445,snip_518728f9
logging,warning,445,snip_bc8554a2
logging,warning,77,snip_6df2205e
logging,warning,445,snip_f4030dbd
logging,warning,445,snip_d659332c
logging,warning,445,snip_fe86bec9
logging,warning,445,snip_78c2bffa
logging,warning,77,snip_be592472
logging,warning,445,snip_e8fe5057
logging,warning,445,snip_6ce466b4
logging,warning,445,snip_77d4b770
logging,warning,445,snip_71a585e0
logging,warning,445,snip_0b526719
logging,warning,445,snip_7bd7fb17
logging,warning,445,snip_d04e05bd
logging,warning,445,snip_b5198680
logging,warning,445,snip_cdb7ff0f
logging,warning,445,snip_87a37808
logging,warning,445,snip_887c76f2
logging,warning,445,snip_32d71f6e
logging,warning,445,snip_bb8efd70
logging,warning,445,snip_35f3f106
logging,warning,445,snip_270de235
logging,warning,445,snip_0a882420
logging,warning,445,snip_d813dcf0
logging,warning,445,snip_2cd3679c
logging,warning,445,snip_bd7da3d6
logging,warning,445,snip_41b600f6
logging,warning,445,snip_04dc6e6b
logging,warning,445,snip_1528068b
logging,warning,445,snip_ede6e47b
logging,warning,445,snip_a6a9ff73
logging,warning,445,snip_7fe686d5
logging,warning,445,snip_b7baa3b7
logging,warning,445,snip_45611376
logging,warning,445,snip_c4e5e8f3
logging,warning,445,snip_8f24b62f
logging,warning,445,snip_420648bf
logging,warning,445,snip_4086c860
logging,warning,445,snip_7a868cd5
logging,warning,445,snip_28466d58
logging,warning,445,snip_ed297e57
logging,warning,445,snip_0fc96db5
logging,warning,445,snip_5e3d0f92
logging,warning,445,snip_f03965b0
logging,warning,445,snip_4d6a5eed
logging,warning,445,snip_83a9a6e5
logging,warning,445,snip_efe61482
logging,warning,445,snip_8c288ab0
logging,warning,445,snip_aa008b20
logging,warning,445,snip_33acfbb8
logging,warning,445,snip_c9c58431
logging,warning,445,snip_755025ce
logging,warning,445,snip_de7127f0
logging,warning,445,snip_5c8da579
logging,warning,77,snip_f8c9123d
logging,warning,445,snip_9642b9b0
logging,warning,445,snip_d1cc66ce
logging,warning,445,snip_3bc4fc54
logging,warning,445,snip_e0e69f8a
logging,warning,445,snip_344f1f2f
logging,warning,445,snip_d837d497
logging,warning,445,snip_acc52fc6
logging,warning,445,snip_8da6bdff
logging,warning,445,snip_251da226
logging,warning,445,snip_ca0f75f8
logging,warning,445,snip_afe3a15a
logging,warning,445,snip_df2febe1
logging,warning,445,snip_3733162d
logging,warning,445,snip_fd83a556
logging,warning,445,snip_b21e20a3
logging,warning,445,snip_49d525cf
logging,warning,445,snip_0a42c7b7
logging,warning,445,snip_8ed65fc1
logging,warning,445,snip_73d6a712
logging,warning,445,snip_85c10fcd
logging,warning,77,snip_1265e93a
logging,warning,445,snip_96f18961
logging,warning,445,snip_f03f93dc
logging,warning,445,snip_9b82c564
logging,warning,445,snip_10a7cec5
logging,warning,445,snip_187cfd63
logging,warning,77,snip_626212e1
logging,warning,445,snip_74935b2a
logging,warning,445,snip_5e7d0201
logging,warning,445,snip_3c0964e2
logging,warning,77,snip_e1c9fed2
logging,warning,445,snip_853d1df0
logging,warning,445,snip_3a2d83f3
logging,warning,445,snip_426c841e
logging,warning,445,snip_77e9e418
logging,warning,445,snip_18fd9189
logging,warning,445,snip_6bb7a02e
logging,warning,445,snip_996fe4cf
logging,warning,445,snip_2f5d911f
logging,warning,445,snip_b91d61e0
logging,warning,445,snip_d728d39a
logging,warning,445,snip_5dd8298b
logging,warning,445,snip_61d4744e
logging,warning,445,snip_249121e7
logging,warning,445,snip_5641baea
logging,warning,445,snip_abb1e44d
logging,warning,445,snip_2fd773cf
logging,warning,445,snip_dc7eb308
logging,warning,445,snip_d864cf12
logging,warning,445,snip_595a686f
logging,warning,445,snip_a9695ac3
logging,warning,445,snip_062a4d69
logging,warning,445,snip_f08a7d25
logging,warning,445,snip_8ebc9e81
logging,warning,445,snip_79704411
logging,warning,445,snip_e1406462
logging,warning,445,snip_0650c83d
logging,warning,445,snip_50731117
logging,warning,445,snip_2dde9ed3
logging,warning,445,snip_a5de5ac1
logging,warning,445,snip_da5b62bf
logging,warning,445,snip_90c4764a
logging,warning,445,snip_a6d31499
logging,warning,445,snip_3dc3642a
logging,warning,445,snip_cad5ae5b
logging,warning,445,snip_0ca5f13d
logging,warning,445,snip_74d7630c
logging,warning,445,snip_5a044317
logging,warning,445,snip_cad00f22
logging,warning,445,snip_6fa4960f
logging,warning,445,snip_654f3aec
logging,warning,445,snip_5f95d9a5
logging,warning,77,snip_690aaf00
logging,warning,445,snip_40a4adcd
logging,warning,445,snip_e6d1c5ca
logging,warning,445,snip_ac53502b
logging,warning,445,snip_7ba55f45
logging,warning,445,snip_cd9a5fd7
logging,warning,445,snip_b48f2c4e
logging,warning,445,snip_082dfd55
logging,warning,445,snip_50f9e177
logging,warning,445,snip_1680e911
logging,warning,445,snip_1f61ca87
logging,warning,445,snip_3983b744
logging,warning,445,snip_73c46b81
logging,warning,445,snip_fd76b47e
logging,warning,445,snip_5729199f
logging,warning,445,snip_b17c2c9e
logging,warning,445,snip_8e3259d0
logging,warning,445,snip_cb026c2a
logging,warning,77,snip_e841af0c
logging,warning,445,snip_33caf8d0
logging,warning,77,snip_dfb251fc
logging,warning,445,snip_6dc1bbb5
logging,warning,445,snip_2962050a
logging,warning,445,snip_ee216401
logging,warning,77,snip_2c09845c
logging,warning,445,snip_d8f0d00d
logging,warning,445,snip_50954d82
logging,warning,445,snip_8f52b8b4
logging,warning,445,snip_dce4e1c9
logging,warning,445,snip_e174bfa5
logging,warning,445,snip_4de70405
logging,warning,445,snip_d9d06c03
logging,warning,445,snip_bcdb6dd7
logging,warning,445,snip_a55eecd6
logging,warning,445,snip_33c8dbd5
logging,warning,445,snip_4d5f6b5b
logging,warning,445,snip_88ec03e8
logging,warning,445,snip_9b2afe11
logging,warning,77,snip_619fbe86
logging,warning,77,snip_8dbb0ded
logging,warning,445,snip_9aba54b7
logging,warning,445,snip_09ff3618
logging,warning,445,snip_caa94566
logging,warning,445,snip_c21bc369
logging,warning,445,snip_15d4cce9
logging,warning,445,snip_981fc188
logging,warning,445,snip_f8d6869b
logging,warning,445,snip_51dc859a
logging,warning,445,snip_79427582
logging,warning,77,snip_8277cdd2
logging,warning,445,snip_7ca68852
logging,warning,77,snip_7f10c396
logging,warning,445,snip_81b8e36f
logging,warning,445,snip_d031185b
logging,warning,445,snip_b62bb6b7
logging,warning,445,snip_2402616a
logging,warning,445,snip_80bd839e
logging,warning,445,snip_bf24e9e3
logging,warning,445,snip_2db515d6
logging,warning,77,snip_dfa1f373
logging,warning,445,snip_1aad77d4
logging,warning,445,snip_c50e2a86
logging,warning,445,snip_4d5fe534
logging,warning,445,snip_296a5898
wandb,nan,367,snip_e575214c
wandb,nan,367,snip_90d172fc
wandb,nan,367,snip_4b41e2f0
wandb,nan,367,snip_5baedb1f
wandb,nan,367,snip_b102c146
wandb,nan,367,snip_6acddb74
wandb,nan,367,snip_24afb6f9
wandb,nan,367,snip_b0963a21
wandb,nan,367,snip_e02b9392
wandb,nan,367,snip_998b8e04
wandb,nan,367,snip_6579c405
wandb,nan,367,snip_da27af2e
wandb,nan,367,snip_c83c0c8f
wandb,nan,367,snip_64206faf
wandb,nan,367,snip_bf646027
wandb,nan,367,snip_947fd0cf
wandb,nan,367,snip_1cf1c429
wandb,nan,367,snip_bd1c5f51
wandb,nan,367,snip_c2c22a0d
wandb,nan,367,snip_0bafd8a4
wandb,nan,367,snip_b1bdbaa9
wandb,nan,367,snip_503c4108
wandb,nan,367,snip_7411c9df
wandb,nan,367,snip_cb1e04c6
wandb,nan,367,snip_2182598f
wandb,nan,367,snip_1615b200
wandb,nan,367,snip_4b8be24a
wandb,nan,367,snip_31829837
wandb,nan,367,snip_4dc72524
wandb,nan,367,snip_ca22e962
wandb,nan,367,snip_1ffdf727
wandb,nan,367,snip_61a62cc6
wandb,nan,367,snip_ceea6e5b
wandb,nan,367,snip_0c940811
wandb,nan,367,snip_9c2f1116
wandb,nan,367,snip_af36a53d
wandb,nan,367,snip_df8b9e93
wandb,nan,367,snip_42f483b6
wandb,nan,367,snip_f2129280
wandb,nan,367,snip_2ef54372
wandb,nan,367,snip_09511f2e
wandb,nan,367,snip_2ae8cb43
wandb,nan,367,snip_bc8f9176
wandb,nan,367,snip_66926577
wandb,nan,367,snip_74e24082
wandb,nan,367,snip_840ee46a
wandb,nan,367,snip_ae61aeac
wandb,nan,367,snip_09253295
wandb,nan,367,snip_676223df
wandb,nan,367,snip_a6d13c3a
wandb,nan,367,snip_dd12a118
wandb,nan,367,snip_c50b136f
wandb,nan,367,snip_55fdb177
wandb,nan,367,snip_e76ef161
wandb,nan,367,snip_8caec74b
wandb,nan,367,snip_18f1b73e
wandb,nan,367,snip_92541dad
wandb,nan,367,snip_9ec8d917
wandb,nan,367,snip_86077001
wandb,nan,367,snip_5dc9b387
wandb,nan,367,snip_0624f2c2
wandb,nan,367,snip_b34eb6fd
wandb,nan,367,snip_0b52881b
wandb,nan,367,snip_851a48d2
wandb,nan,367,snip_e8f5b2d1
wandb,nan,367,snip_1df2899d
wandb,nan,367,snip_46de6bfb
wandb,nan,367,snip_6ba7cc74
wandb,nan,367,snip_ff4d4307
wandb,nan,367,snip_155b8fb8
wandb,nan,367,snip_f507a602
wandb,nan,367,snip_a33a922c
wandb,nan,367,snip_4d273fc4
wandb,nan,367,snip_8d00dd7e
wandb,nan,367,snip_f2b4cb04
wandb,nan,367,snip_be1ab4d3
wandb,nan,367,snip_96933aff
wandb,nan,367,snip_6c6d20de
wandb,nan,367,snip_085d3c34
wandb,nan,367,snip_0a651d5a
wandb,nan,367,snip_4202bd94
wandb,nan,367,snip_47ae069c
wandb,nan,367,snip_4c319a7b
wandb,nan,367,snip_57865f61
wandb,nan,367,snip_4b9e2857
wandb,nan,367,snip_66d8395a
wandb,nan,367,snip_3145c86f
wandb,nan,367,snip_3f30a2b7
wandb,nan,367,snip_7d233e0f
wandb,nan,367,snip_fdeafba6
wandb,nan,367,snip_e4c1349c
wandb,nan,367,snip_fbf3f46b
wandb,nan,367,snip_316d3e64
wandb,nan,367,snip_3b0a0d8f
wandb,nan,367,snip_0d258fb9
wandb,nan,367,snip_ae9c0c9f
wandb,nan,367,snip_31716530
wandb,nan,367,snip_84f88ca0
wandb,nan,367,snip_259929e0
wandb,nan,367,snip_3a368821
wandb,nan,367,snip_acdf7386
wandb,nan,367,snip_d82ee4da
wandb,nan,367,snip_0bfdd83e
wandb,nan,367,snip_0372cdc9
wandb,nan,367,snip_c9472469
wandb,nan,367,snip_80a8d2de
wandb,nan,367,snip_7a8f7678
wandb,nan,367,snip_ee2c5842
wandb,nan,367,snip_ac06f991
wandb,nan,367,snip_d3161904
wandb,nan,367,snip_ba0c5919
wandb,nan,367,snip_51f63fd3
wandb,nan,367,snip_dd15521e
wandb,nan,367,snip_fcac3ae4
wandb,nan,367,snip_44b150d3
wandb,nan,367,snip_f7e8433b
wandb,nan,367,snip_7f353a73
wandb,nan,367,snip_e7b06acd
wandb,nan,367,snip_fb292880
wandb,nan,367,snip_3c5b8404
wandb,nan,367,snip_5f5f170d
wandb,nan,367,snip_227a7c45
wandb,nan,367,snip_c415f039
wandb,nan,367,snip_f4c2e55e
wandb,nan,367,snip_4d88302d
wandb,nan,367,snip_c047741c
wandb,nan,367,snip_8207ac49
wandb,nan,367,snip_67411f90
wandb,nan,367,snip_de213bf8
wandb,nan,367,snip_c22d72f7
wandb,nan,367,snip_675584ca
wandb,nan,367,snip_66f1ce2b
wandb,nan,367,snip_bb3192d1
wandb,nan,367,snip_21eee981
wandb,nan,367,snip_9dddc40f
wandb,nan,367,snip_7bfe3be7
wandb,nan,367,snip_b20ee9f4
wandb,nan,367,snip_07fe29f8
wandb,nan,367,snip_b0972f40
wandb,nan,367,snip_b090adfe
wandb,nan,367,snip_2809a413
wandb,nan,367,snip_5bea1224
wandb,nan,367,snip_12cc1b53
wandb,nan,367,snip_99502e78
wandb,nan,367,snip_4aeb6b75
wandb,nan,367,snip_af3bc3db
wandb,nan,367,snip_9c37c2ee
wandb,nan,367,snip_883997b2
wandb,nan,367,snip_de6190ca
wandb,nan,367,snip_6c075528
wandb,nan,367,snip_73f370ce
wandb,nan,367,snip_170e807c
wandb,nan,367,snip_5c9e7e9d
wandb,nan,367,snip_9ce939bf
wandb,nan,367,snip_715a7318
wandb,nan,367,snip_fd7a6e2d
wandb,nan,367,snip_b742e0da
wandb,nan,367,snip_2b0ad964
wandb,nan,367,snip_5c827dbd
wandb,nan,367,snip_9e7bcd92
wandb,nan,367,snip_0663ac9c
wandb,nan,367,snip_8c8ead37
wandb,nan,367,snip_afaea66a
wandb,nan,367,snip_b37055e1
wandb,nan,367,snip_655a3726
wandb,nan,367,snip_73819645
wandb,nan,367,snip_352b740e
wandb,nan,367,snip_2f71ff43
wandb,nan,367,snip_d5bace15
wandb,nan,367,snip_a214a2c3
wandb,nan,367,snip_3747e8e3
wandb,nan,367,snip_1b9d01f3
wandb,nan,367,snip_6e208a8f
wandb,nan,367,snip_682131c5
wandb,nan,367,snip_cb5c1d9c
wandb,nan,367,snip_42cf8924
wandb,nan,367,snip_2a66551e
wandb,nan,367,snip_88e93b7f
wandb,nan,367,snip_dd48c3c9
wandb,nan,367,snip_ba83bc8b
wandb,nan,367,snip_c7ac1c52
wandb,nan,367,snip_8891e7ba
wandb,nan,367,snip_6f5a3054
wandb,nan,367,snip_4c86dd7c
wandb,nan,367,snip_b3c19743
wandb,nan,367,snip_0b3c0384
wandb,nan,367,snip_72349a00
wandb,nan,367,snip_f16ec0da
wandb,nan,367,snip_bfbae723
wandb,nan,367,snip_a5d12234
wandb,nan,367,snip_4dbbb6a6
wandb,nan,367,snip_a0b36dc2
wandb,nan,367,snip_e3f5caeb
wandb,nan,367,snip_9154209d
wandb,nan,367,snip_e5de3f4c
wandb,nan,367,snip_699cfa45
wandb,nan,367,snip_d046db19
wandb,nan,367,snip_062a64f6
wandb,nan,367,snip_09ebd8e6
wandb,nan,367,snip_ccb0be3c
wandb,nan,367,snip_500dc2e4
wandb,nan,367,snip_626221bd
wandb,nan,367,snip_423976f4
wandb,nan,367,snip_4c332f0a
wandb,nan,367,snip_e311074b
wandb,nan,367,snip_fae602bb
wandb,nan,367,snip_ad2f5ea4
wandb,nan,367,snip_a8108ed4
wandb,nan,367,snip_403365d7
wandb,nan,367,snip_ea8f686c
wandb,nan,367,snip_36af27b4
wandb,nan,367,snip_ce85dfd2
wandb,nan,367,snip_1268db5c
wandb,nan,367,snip_83952057
wandb,nan,367,snip_314923a1
wandb,nan,367,snip_2a92dd94
wandb,nan,367,snip_67bf68c9
wandb,nan,367,snip_bb15f07f
wandb,nan,367,snip_4090b832
wandb,nan,367,snip_a8e76026
wandb,nan,367,snip_f389768e
wandb,nan,367,snip_7a7f86ab
wandb,nan,367,snip_67f28165
wandb,nan,367,snip_f83e41fd
wandb,nan,367,snip_e7e41e67
wandb,nan,367,snip_3e180b33
wandb,nan,367,snip_a4d8a212
wandb,nan,367,snip_f86d05b6
wandb,nan,367,snip_bdc871b1
wandb,nan,367,snip_7b3ee87f
wandb,nan,367,snip_b32a9f57
wandb,nan,367,snip_37e752a0
wandb,nan,367,snip_64b4f042
wandb,nan,367,snip_9de174f7
wandb,nan,367,snip_6852eccc
wandb,nan,367,snip_335833e8
wandb,nan,367,snip_4d3d0dd1
neptune,nan,137,snip_163a44cf
neptune,nan,137,snip_0705610e
neptune,nan,137,snip_52f3fb2c
neptune,nan,137,snip_616d379c
neptune,nan,137,snip_5eed6974
neptune,nan,137,snip_b3d5c1e1
neptune,nan,137,snip_fae0c4e9
neptune,nan,137,snip_4b85d515
neptune,nan,137,snip_09676645
neptune,nan,137,snip_90a48fec
neptune,nan,137,snip_2766fb31
neptune,nan,137,snip_da05d780
neptune,nan,137,snip_69046110
neptune,nan,137,snip_adbeb463
neptune,nan,137,snip_6853b2ea
neptune,nan,137,snip_f9a2b367
neptune,nan,137,snip_c33d3add
neptune,nan,137,snip_0d1547fe
neptune,nan,137,snip_9dd9e0f1
neptune,nan,137,snip_7590016b
neptune,nan,137,snip_77122bb2
neptune,nan,137,snip_10a2c18d
neptune,nan,137,snip_fc57f9b6
neptune,nan,137,snip_1b919c3c
neptune,nan,137,snip_b6808bc5
neptune,nan,137,snip_9a020fc6
neptune,nan,137,snip_09def806
neptune,nan,137,snip_cfcd7abc
neptune,nan,137,snip_fdaac762
neptune,nan,137,snip_9e2c10f7
neptune,nan,137,snip_58f4fcb7
neptune,nan,137,snip_f8c936b1
neptune,nan,137,snip_17a3b6f8
neptune,nan,137,snip_bc380e72
neptune,nan,137,snip_10483220
neptune,nan,137,snip_3c25438a
neptune,nan,137,snip_c613ef7f
neptune,nan,137,snip_304c3e38
neptune,nan,137,snip_474bc4a9
neptune,nan,137,snip_b677ac45
neptune,nan,137,snip_f859e976
neptune,nan,137,snip_67cc981e
neptune,nan,137,snip_ee9e934e
neptune,nan,137,snip_0dff063f
neptune,nan,137,snip_a4225aca
neptune,nan,137,snip_3a35b74c
neptune,nan,137,snip_ac0e81da
neptune,nan,137,snip_23d355a6
neptune,nan,137,snip_892608b1
neptune,nan,137,snip_33dc8cb6
neptune,nan,137,snip_d7a99621
neptune,nan,137,snip_c34a03b9
neptune,nan,137,snip_daa743b9
neptune,nan,137,snip_c62c659f
neptune,nan,137,snip_f13bbe69
neptune,nan,137,snip_e2c5e7de
neptune,nan,137,snip_6bef4e83
neptune,nan,137,snip_eaba2d4f
neptune,nan,137,snip_410db1e1
neptune,nan,137,snip_8238e458
neptune,nan,137,snip_588f6dc5
neptune,nan,137,snip_7632bf11
neptune,nan,137,snip_70126374
neptune,nan,137,snip_3bd00342
neptune,nan,137,snip_5ce1f68a
neptune,nan,137,snip_3c0eba5f
neptune,nan,137,snip_6164c5c4
neptune,nan,137,snip_490969b4
neptune,nan,137,snip_6d62a8da
neptune,nan,137,snip_c7157d2d
neptune,nan,137,snip_b6b0127c
neptune,nan,137,snip_66758d64
neptune,nan,137,snip_198d718a
neptune,nan,137,snip_740893b5
neptune,nan,137,snip_42d90ee3
neptune,nan,137,snip_48a020d9
neptune,nan,137,snip_06e6a533
neptune,nan,137,snip_323e1aed
neptune,nan,137,snip_ab9b4c48
neptune,nan,137,snip_a80e2774
neptune,nan,137,snip_5b41ff67
neptune,nan,137,snip_3a0845e3
neptune,nan,137,snip_e3d5a285
neptune,nan,137,snip_ddbcad04
neptune,nan,137,snip_8e5bb056
neptune,nan,137,snip_1d200884
neptune,nan,137,snip_0b3a050f
neptune,nan,137,snip_1de3fae9
neptune,nan,137,snip_192dc483
neptune,nan,137,snip_246edb84
neptune,nan,137,snip_f0494d7b
neptune,nan,137,snip_96a7d5fb
neptune,nan,137,snip_a8b73e4d
neptune,nan,137,snip_2a6f48d8
neptune,nan,137,snip_82b4fa7c
neptune,nan,137,snip_c5b08af1
neptune,nan,137,snip_43286fbb
neptune,nan,137,snip_2435f82c
neptune,nan,137,snip_a981606e
neptune,nan,137,snip_952868bf
neptune,nan,137,snip_453597ff
neptune,nan,137,snip_8e13cbf5
neptune,nan,137,snip_17a87765
neptune,nan,137,snip_f9d1aa74
neptune,nan,137,snip_e60b26e9
neptune,nan,137,snip_ff298b8f
neptune,nan,137,snip_8085bc83
neptune,nan,137,snip_01697eca
neptune,nan,137,snip_038fbfaf
neptune,nan,137,snip_43a7456f
neptune,nan,137,snip_27e078f1
neptune,nan,137,snip_5c5f0fac
neptune,nan,137,snip_6fe22f46
neptune,nan,137,snip_9169e7e1
tensorflow,nan,27,snip_4ae072dc
tensorflow,nan,27,snip_011a5f44
tensorflow,nan,27,snip_b4bbe957
tensorflow,nan,27,snip_15e186c9
tensorflow,nan,27,snip_cd772410
tensorflow,nan,27,snip_3d6c7965
tensorflow,nan,27,snip_2a92a1fa
tensorflow,nan,27,snip_9511ac7d
tensorflow,nan,27,snip_afd7a814
tensorflow,nan,27,snip_2d7bba43
tensorflow,nan,27,snip_926a1bbd
tensorflow,nan,27,snip_2841a35c
tensorflow,nan,27,snip_d71a1fac
tensorflow,nan,27,snip_1f7593ad
tensorflow,nan,27,snip_fc2cd126
tensorflow,nan,27,snip_8f126b05
tensorflow,nan,27,snip_d53f2ea1
tensorflow,nan,27,snip_9d430885
tensorflow,nan,27,snip_d2caa90f
tensorflow,nan,27,snip_b1b362f7
tensorflow,nan,27,snip_391400e0
tensorflow,nan,27,snip_997026db
tensorflow,nan,27,snip_a7f2333e
tensorflow,nan,27,snip_854bd06c
tensorflow,nan,27,snip_1fc2cf08
tensorflow,nan,27,snip_dd2ba9da
mlflow,nan,317,snip_4cdbf6e7
mlflow,nan,317,snip_b2994e42
mlflow,nan,317,snip_47fca931
mlflow,nan,317,snip_5b072e23
mlflow,nan,317,snip_a54015eb
mlflow,nan,317,snip_fcdd9b3b
mlflow,nan,317,snip_3ed24e90
mlflow,nan,317,snip_ba575359
mlflow,nan,317,snip_63171188
mlflow,nan,317,snip_b0a74645
mlflow,nan,317,snip_11a1f765
mlflow,nan,317,snip_495f446d
mlflow,nan,317,snip_83d81242
mlflow,nan,317,snip_ff7cac7f
mlflow,nan,317,snip_52a602bb
mlflow,nan,317,snip_810443c0
mlflow,nan,317,snip_61bf681a
mlflow,nan,317,snip_1eb47b13
mlflow,nan,317,snip_73bc026b
mlflow,nan,317,snip_a2610700
mlflow,nan,317,snip_2a81f6d6
mlflow,nan,317,snip_11c7073f
mlflow,nan,317,snip_6c82ed92
mlflow,nan,317,snip_6d92b22c
mlflow,nan,317,snip_094da2e0
mlflow,nan,317,snip_060c0b8b
mlflow,nan,317,snip_e6ef3253
mlflow,nan,317,snip_42949371
mlflow,nan,317,snip_42a129b1
mlflow,nan,317,snip_15126614
mlflow,nan,317,snip_cd50400e
mlflow,nan,317,snip_c808ed6c
mlflow,nan,317,snip_d1c4fe6e
mlflow,nan,317,snip_e31077c5
mlflow,nan,317,snip_da495ddb
mlflow,nan,317,snip_045d744b
mlflow,nan,317,snip_6c753c4d
mlflow,nan,317,snip_780db260
mlflow,nan,317,snip_112a6815
mlflow,nan,317,snip_3c982751
mlflow,nan,317,snip_11843f0e
mlflow,nan,317,snip_9cf6e141
mlflow,nan,317,snip_5b99a763
mlflow,nan,317,snip_2a1cf899
mlflow,nan,317,snip_c34a30ff
mlflow,nan,317,snip_44174486
mlflow,nan,317,snip_a237b081
mlflow,nan,317,snip_d8d6556b
mlflow,nan,317,snip_a6ce24ef
mlflow,nan,317,snip_b113ea10
mlflow,nan,317,snip_669549f0
mlflow,nan,317,snip_c6b9862d
mlflow,nan,317,snip_da210674
mlflow,nan,317,snip_e1d11fb9
mlflow,nan,317,snip_5e6140b5
mlflow,nan,317,snip_7a03ab67
mlflow,nan,317,snip_a9d86453
mlflow,nan,317,snip_171930cd
mlflow,nan,317,snip_9251f965
mlflow,nan,317,snip_b3bffe1e
mlflow,nan,317,snip_651b8ea8
mlflow,nan,317,snip_bc8b5bb7
mlflow,nan,317,snip_2319136e
mlflow,nan,317,snip_33ca3b30
mlflow,nan,317,snip_e9877590
mlflow,nan,317,snip_32cebafd
mlflow,nan,317,snip_597f0d76
mlflow,nan,317,snip_0d7358ff
mlflow,nan,317,snip_1ac43af6
mlflow,nan,317,snip_2ece5253
mlflow,nan,317,snip_d103898d
mlflow,nan,317,snip_93c6fb79
mlflow,nan,317,snip_b903a19a
mlflow,nan,317,snip_ff35fcfc
mlflow,nan,317,snip_06873148
mlflow,nan,317,snip_06174fdd
mlflow,nan,317,snip_baaf5218
mlflow,nan,317,snip_56454454
mlflow,nan,317,snip_65bdfff2
mlflow,nan,317,snip_731f6ac5
mlflow,nan,317,snip_4312bfdf
mlflow,nan,317,snip_8242dad7
mlflow,nan,317,snip_8bc195ce
mlflow,nan,317,snip_13579cf3
mlflow,nan,317,snip_14d43f1e
mlflow,nan,317,snip_935c2b21
mlflow,nan,317,snip_9dbd26e3
mlflow,nan,317,snip_6c13cdae
mlflow,nan,317,snip_bb63b824
mlflow,nan,317,snip_cb5d81db
mlflow,nan,317,snip_58a52c34
mlflow,nan,317,snip_a13e0199
mlflow,nan,317,snip_daef7785
mlflow,nan,317,snip_c5921430
mlflow,nan,317,snip_6ed38532
mlflow,nan,317,snip_91c36fb4
mlflow,nan,317,snip_b4706f95
mlflow,nan,317,snip_875bcc22
mlflow,nan,317,snip_fec1d2c2
mlflow,nan,317,snip_4474d870
mlflow,nan,317,snip_e9abed47
mlflow,nan,317,snip_0e61a3ce
mlflow,nan,317,snip_ed8de028
mlflow,nan,317,snip_77996aae
mlflow,nan,317,snip_52b07e19
mlflow,nan,317,snip_97648fa8
mlflow,nan,317,snip_1b0837ad
mlflow,nan,317,snip_f53c50e4
mlflow,nan,317,snip_14bac90b
mlflow,nan,317,snip_41e0ea56
mlflow,nan,317,snip_bcef79e5
mlflow,nan,317,snip_f3142cc7
mlflow,nan,317,snip_447f30ea
mlflow,nan,317,snip_cf5dc25d
mlflow,nan,317,snip_81a17536
mlflow,nan,317,snip_89785bbf
mlflow,nan,317,snip_16e02014
mlflow,nan,317,snip_01ce8e6b
mlflow,nan,317,snip_e40f9681
mlflow,nan,317,snip_1edb8663
mlflow,nan,317,snip_5990c924
mlflow,nan,317,snip_cf7883a5
mlflow,nan,317,snip_f01913bf
mlflow,nan,317,snip_fb1a3314
mlflow,nan,317,snip_845aa711
mlflow,nan,317,snip_b5dba09d
mlflow,nan,317,snip_225f5c7c
mlflow,nan,317,snip_69c86ab8
mlflow,nan,317,snip_454d11c4
mlflow,nan,317,snip_05f41e65
mlflow,nan,317,snip_fbe0de0c
mlflow,nan,317,snip_7ffb014f
mlflow,nan,317,snip_4c6a65e9
mlflow,nan,317,snip_5ddde226
mlflow,nan,317,snip_16021a6a
mlflow,nan,317,snip_ff151dd1
mlflow,nan,317,snip_603b07ca
mlflow,nan,317,snip_b43fff1c
mlflow,nan,317,snip_d82dbb52
mlflow,nan,317,snip_a60f2fcf
mlflow,nan,317,snip_cc76a4b0
mlflow,nan,317,snip_fae091b2
mlflow,nan,317,snip_ecc3d926
mlflow,nan,317,snip_3f86b80f
mlflow,nan,317,snip_eca40081
mlflow,nan,317,snip_a0bd75e6
mlflow,nan,317,snip_00ca79fb
mlflow,nan,317,snip_dc6877c1
mlflow,nan,317,snip_1c7b1e42
mlflow,nan,317,snip_654f677c
mlflow,nan,317,snip_4b092d5a
mlflow,nan,317,snip_6155691d
mlflow,nan,317,snip_65e97fe4
mlflow,nan,317,snip_004e44c0
mlflow,nan,317,snip_bebe4310
mlflow,nan,317,snip_7dc63f96
mlflow,nan,317,snip_ce05cf5b
mlflow,nan,317,snip_e6f332ee
mlflow,nan,317,snip_d226350d
mlflow,nan,317,snip_83cfde06
mlflow,nan,317,snip_ebaca9c2
mlflow,nan,317,snip_9d0c0d9b
mlflow,nan,317,snip_fc466c2e
mlflow,nan,317,snip_4bc00cc1
mlflow,nan,317,snip_84a308d1
mlflow,nan,317,snip_66496396
mlflow,nan,317,snip_5b5f50a1
mlflow,nan,317,snip_c1923cae
mlflow,nan,317,snip_151f00f9
mlflow,nan,317,snip_2d0e96b8
mlflow,nan,317,snip_abc98781
mlflow,nan,317,snip_9ffc76f1
mlflow,nan,317,snip_ca221581
mlflow,nan,317,snip_8aa39877
mlflow,nan,317,snip_800b5abe
mlflow,nan,317,snip_5b105fc9
mlflow,nan,317,snip_284e2443
mlflow,nan,317,snip_8c519523
mlflow,nan,317,snip_45aee48e
mlflow,nan,317,snip_b3fc9963
mlflow,nan,317,snip_0ebb9cff
mlflow,nan,317,snip_821ce351
mlflow,nan,317,snip_be549c97
mlflow,nan,317,snip_e93d9cbb
mlflow,nan,317,snip_f516a851
mlflow,nan,317,snip_d91e175c
mlflow,nan,317,snip_e3b57443
mlflow,nan,317,snip_5d6518fe
mlflow,nan,317,snip_7327a766
mlflow,nan,317,snip_10b29c21
mlflow,nan,317,snip_b405efae
mlflow,nan,317,snip_72f5e63d
mlflow,nan,317,snip_3d911ab6
mlflow,nan,317,snip_841b9249
mlflow,nan,317,snip_85b5c271
mlflow,nan,317,snip_a522c458
mlflow,nan,317,snip_a2f49aee
mlflow,nan,317,snip_4f1161bf
mlflow,nan,317,snip_537f0faa
mlflow,nan,317,snip_60daee2a
mlflow,nan,317,snip_18e7f872
mlflow,nan,317,snip_666a1603
mlflow,nan,317,snip_3678dc87
mlflow,nan,317,snip_7c2d5d2f
mlflow,nan,317,snip_70b60227
mlflow,nan,317,snip_786788eb
mlflow,nan,317,snip_2fdb5b85
mlflow,nan,317,snip_11f68699
mlflow,nan,317,snip_ffb97358
mlflow,nan,317,snip_27c6b1d6
mlflow,nan,317,snip_0b25be79
mlflow,nan,317,snip_127ca7bb
mlflow,nan,317,snip_c1ac9cd3
mlflow,nan,317,snip_8fbf061a
mlflow,nan,317,snip_62c02c12
comet_ml,nan,85,snip_c5c33f08
comet_ml,nan,85,snip_22996df3
comet_ml,nan,85,snip_09f303ab
comet_ml,nan,85,snip_d09b3313
comet_ml,nan,85,snip_9a8a5b05
comet_ml,nan,85,snip_a58ce4b8
comet_ml,nan,85,snip_4e94646e
comet_ml,nan,85,snip_711e59ac
comet_ml,nan,85,snip_e69f62d6
comet_ml,nan,85,snip_22a0738d
comet_ml,nan,85,snip_cfa2830b
comet_ml,nan,85,snip_ca8f2bb7
comet_ml,nan,85,snip_06097d27
comet_ml,nan,85,snip_cdcd393a
comet_ml,nan,85,snip_33dbde92
comet_ml,nan,85,snip_a6f0f861
comet_ml,nan,85,snip_8dc06877
comet_ml,nan,85,snip_c156d5ed
comet_ml,nan,85,snip_fe3b50b3
comet_ml,nan,85,snip_6a8bd41c
comet_ml,nan,85,snip_2b5f2586
comet_ml,nan,85,snip_5efbe2d7
comet_ml,nan,85,snip_a10cf7e0
comet_ml,nan,85,snip_3e9dfa05
comet_ml,nan,85,snip_38898753
comet_ml,nan,85,snip_4f192b79
comet_ml,nan,85,snip_77c51375
comet_ml,nan,85,snip_f080218f
comet_ml,nan,85,snip_3000978e
comet_ml,nan,85,snip_6f0f4a1a
comet_ml,nan,85,snip_daa34d99
comet_ml,nan,85,snip_de3fddc9
comet_ml,nan,85,snip_21e6c8ac
comet_ml,nan,85,snip_55a8b060
comet_ml,nan,85,snip_8b4aee76
comet_ml,nan,85,snip_f9aeb979
comet_ml,nan,85,snip_4b53dd3d
comet_ml,nan,85,snip_6465aca8
comet_ml,nan,85,snip_0b23f394
comet_ml,nan,85,snip_8942ee90
comet_ml,nan,85,snip_ff00ca00
comet_ml,nan,85,snip_62615b91
comet_ml,nan,85,snip_5eb24783
comet_ml,nan,85,snip_310fac8e
comet_ml,nan,85,snip_c8643500
comet_ml,nan,85,snip_5b03009b
comet_ml,nan,85,snip_a46837a5
comet_ml,nan,85,snip_17635791
comet_ml,nan,85,snip_6ef9dcb7
comet_ml,nan,85,snip_a399c2c9
comet_ml,nan,85,snip_ae75d6b5
comet_ml,nan,85,snip_4277c549
comet_ml,nan,85,snip_347ae2f8
comet_ml,nan,85,snip_e1e7cd9f
comet_ml,nan,85,snip_fb958c07
comet_ml,nan,85,snip_39efae82
comet_ml,nan,85,snip_a60ee9f4
comet_ml,nan,85,snip_7d43c0c7
comet_ml,nan,85,snip_2cf96b3a
comet_ml,nan,85,snip_39ddda68
comet_ml,nan,85,snip_09dd3bf3
comet_ml,nan,85,snip_333f4991
comet_ml,nan,85,snip_607d84de
comet_ml,nan,85,snip_1ebcee60
comet_ml,nan,85,snip_d15c3986
comet_ml,nan,85,snip_11d7b92e
comet_ml,nan,85,snip_a8b11656
comet_ml,nan,85,snip_e56f316b
comet_ml,nan,85,snip_ef8d345e
comet_ml,nan,85,snip_8b2e8d45
comet_ml,nan,85,snip_7d9f0821
comet_ml,nan,85,snip_aeb53126
comet_ml,nan,85,snip_770cc8bf
comet_ml,nan,85,snip_e8e17944
comet_ml,nan,85,snip_9a1fa8e4
comet_ml,nan,85,snip_f9faeb62
dowel,nan,245,snip_5c626a7b
dowel,nan,245,snip_7e3b3097
dowel,nan,245,snip_4a48fd27
dowel,nan,245,snip_5022c877
dowel,nan,245,snip_f72643ab
dowel,nan,245,snip_7a75877a
dowel,nan,245,snip_58cfab96
dowel,nan,245,snip_31628e67
dowel,nan,245,snip_ab879bd4
dowel,nan,245,snip_b221a7ce
dowel,nan,245,snip_7213d7bb
dowel,nan,245,snip_20a407a1
dowel,nan,245,snip_d7d178c5
dowel,nan,245,snip_3393839e
dowel,nan,245,snip_fdd0830b
dowel,nan,245,snip_519e9827
dowel,nan,245,snip_af2032e2
dowel,nan,245,snip_bcde665b
dowel,nan,245,snip_918e13f2
dowel,nan,245,snip_872fd32b
dowel,nan,245,snip_4ee4a079
dowel,nan,245,snip_78892a3d
dowel,nan,245,snip_08029c58
dowel,nan,245,snip_634aad29
dowel,nan,245,snip_2b1bc734
dowel,nan,245,snip_28c1de49
dowel,nan,245,snip_e500056d
dowel,nan,245,snip_f67f790d
dowel,nan,245,snip_4bb0deba
dowel,nan,245,snip_3c285e80
dowel,nan,245,snip_7cca97b1
dowel,nan,245,snip_e081525e
dowel,nan,245,snip_0df722d0
dowel,nan,245,snip_aea92a3f
dowel,nan,245,snip_03da538e
dowel,nan,245,snip_ba0ed983
dowel,nan,245,snip_9a6f3bc9
dowel,nan,245,snip_39e0ac54
dowel,nan,245,snip_c2716287
dowel,nan,245,snip_28f09602
dowel,nan,245,snip_06f1fe75
dowel,nan,245,snip_758c7bb2
dowel,nan,245,snip_a50ab56c
dowel,nan,245,snip_5156fdf7
dowel,nan,245,snip_e712a7e3
dowel,nan,245,snip_e5cb7a4a
dowel,nan,245,snip_ab8c547f
dowel,nan,245,snip_4d1e6355
dowel,nan,245,snip_4180ced7
dowel,nan,245,snip_5920b2c9
dowel,nan,245,snip_440bd9a0
dowel,nan,245,snip_2bc69594
dowel,nan,245,snip_67c5faaf
dowel,nan,245,snip_b9d87d65
dowel,nan,245,snip_5a7e9625
dowel,nan,245,snip_f4e0d755
dowel,nan,245,snip_eff26d9b
dowel,nan,245,snip_94083fd1
dowel,nan,245,snip_c59fbb3a
dowel,nan,245,snip_303ce15a
dowel,nan,245,snip_658e0e71
dowel,nan,245,snip_bb8bf41a
dowel,nan,245,snip_6a12546e
dowel,nan,245,snip_9ec1faf4
dowel,nan,245,snip_092733f8
dowel,nan,245,snip_bb480b51
dowel,nan,245,snip_bc1adacc
dowel,nan,245,snip_f951cee2
dowel,nan,245,snip_d1c64b33
dowel,nan,245,snip_8591c1a4
dowel,nan,245,snip_717624e3
dowel,nan,245,snip_3062bedc
dowel,nan,245,snip_a857c652
dowel,nan,245,snip_7da25a82
dowel,nan,245,snip_60b01568
dowel,nan,245,snip_845d5fa0
dowel,nan,245,snip_0fd54072
dowel,nan,245,snip_1a3b925a
dowel,nan,245,snip_be236469
dowel,nan,245,snip_deb3e959
dowel,nan,245,snip_e17e2378
dowel,nan,245,snip_d48c5ba6
dowel,nan,245,snip_bc059b89
dowel,nan,245,snip_4eef615c
dowel,nan,245,snip_b4561824
dowel,nan,245,snip_84ba1a2c
dowel,nan,245,snip_4f0c2d7f
dowel,nan,245,snip_71fb368f
dowel,nan,245,snip_98cf3e2f
dowel,nan,245,snip_9c6d16fd
dowel,nan,245,snip_08af3e88
dowel,nan,245,snip_f06c6be5
dowel,nan,245,snip_f22403c5
dowel,nan,245,snip_c9df6eac
dowel,nan,245,snip_4fd1a2e8
dowel,nan,245,snip_9c4e7205
dowel,nan,245,snip_dee3621d
dowel,nan,245,snip_1a944d28
dowel,nan,245,snip_beadbd34
dowel,nan,245,snip_c7f5a445
dowel,nan,245,snip_0d2b974e
dowel,nan,245,snip_8b87b810
dowel,nan,245,snip_9e5d15b0
dowel,nan,245,snip_8a119c95
dowel,nan,245,snip_27db3138
dowel,nan,245,snip_9b1ebd1b
dowel,nan,245,snip_5447c033
dowel,nan,245,snip_8d965880
dowel,nan,245,snip_730d232f
dowel,nan,245,snip_560f1390
dowel,nan,245,snip_1e9b66a1
dowel,nan,245,snip_f6cab37a
dowel,nan,245,snip_3fddf884
dowel,nan,245,snip_e932cccf
dowel,nan,245,snip_ed285498
dowel,nan,245,snip_a048c881
dowel,nan,245,snip_6e9c8ad2
dowel,nan,245,snip_3c204208
dowel,nan,245,snip_d3aa0e68
dowel,nan,245,snip_a1ca6ad9
dowel,nan,245,snip_49ac34e0
dowel,nan,245,snip_bc596922
dowel,nan,245,snip_1069627e
dowel,nan,245,snip_bd484386
dowel,nan,245,snip_236f7f9e
dowel,nan,245,snip_b7bcadf0
dowel,nan,245,snip_cfa66711
dowel,nan,245,snip_a4dcec89
dowel,nan,245,snip_4f3d87d9
dowel,nan,245,snip_984cdd87
dowel,nan,245,snip_475d8f03
dowel,nan,245,snip_427908ab
dowel,nan,245,snip_c1368a26
dowel,nan,245,snip_aa721460
dowel,nan,245,snip_662473a4
dowel,nan,245,snip_475da8da
dowel,nan,245,snip_97b6bb7f
dowel,nan,245,snip_4ea7f960
dowel,nan,245,snip_44f76da1
dowel,nan,245,snip_65e8bca6
dowel,nan,245,snip_f591a08b
dowel,nan,245,snip_d9872cd4
dowel,nan,245,snip_7e942199
dowel,nan,245,snip_638b9a81
dowel,nan,245,snip_735444fc
dowel,nan,245,snip_6a01eda2
dowel,nan,245,snip_9da5831c
dowel,nan,245,snip_2fa38e4a
dowel,nan,245,snip_c85ae334
dowel,nan,245,snip_5ac91de5
dowel,nan,245,snip_9521c599
dowel,nan,245,snip_c3c4dd30
dowel,nan,245,snip_0e5f40e1
dowel,nan,245,snip_ba0cc23e
dowel,nan,245,snip_2e70f856
dowel,nan,245,snip_d5c27f9b
dowel,nan,245,snip_72a8547d
dowel,nan,245,snip_cc7c38d7
dowel,nan,245,snip_211846ea
dowel,nan,245,snip_f5316427
dowel,nan,245,snip_3793a61b
dowel,nan,245,snip_a3199d31
dowel,nan,245,snip_47ad03e4
dowel,nan,245,snip_a948ada8
dowel,nan,245,snip_0f4c232a
dowel,nan,245,snip_b00b83b7
dowel,nan,245,snip_7c3925f7
dowel,nan,245,snip_53e07278
dowel,nan,245,snip_21582fdb
dowel,nan,245,snip_d034cf8c
dowel,nan,245,snip_10d69011
dowel,nan,245,snip_48ccb83f
dowel,nan,245,snip_7c56793a
dowel,nan,245,snip_4859d503
dowel,nan,245,snip_ba6f2577
dowel,nan,245,snip_f85e093a
dowel,nan,245,snip_c706269f
dowel,nan,245,snip_aee2c8ce
dowel,nan,245,snip_b8d26454
ml_logger,nan,126,snip_e06b6f56
ml_logger,nan,126,snip_18e7bbdb
ml_logger,nan,126,snip_0bf51e54
ml_logger,nan,126,snip_efe1103f
ml_logger,nan,126,snip_29828b9b
ml_logger,nan,126,snip_9f68c93c
ml_logger,nan,126,snip_33eab252
ml_logger,nan,126,snip_56fcf01b
ml_logger,nan,126,snip_cfa0ee9f
ml_logger,nan,126,snip_5959ccc9
ml_logger,nan,126,snip_9ab5bc06
ml_logger,nan,126,snip_1b9f91ed
ml_logger,nan,126,snip_69f02419
ml_logger,nan,126,snip_2772d85b
ml_logger,nan,126,snip_6c6509c4
ml_logger,nan,126,snip_b9e8d6ca
ml_logger,nan,126,snip_01335e27
ml_logger,nan,126,snip_9858c18e
ml_logger,nan,126,snip_e5a0f121
ml_logger,nan,126,snip_4c400d20
ml_logger,nan,126,snip_06f8963b
ml_logger,nan,126,snip_7a4dd8d2
ml_logger,nan,126,snip_3117f2c6
ml_logger,nan,126,snip_9e2819bf
ml_logger,nan,126,snip_ad00e1e5
ml_logger,nan,126,snip_5f5107d8
ml_logger,nan,126,snip_93b138dc
ml_logger,nan,126,snip_846bdd26
ml_logger,nan,126,snip_846b37f5
ml_logger,nan,126,snip_fd43ac14
ml_logger,nan,126,snip_144be315
ml_logger,nan,126,snip_51840cdf
ml_logger,nan,126,snip_1ee7792f
ml_logger,nan,126,snip_f98de44f
ml_logger,nan,126,snip_c1a8bdb8
ml_logger,nan,126,snip_544d565c
ml_logger,nan,126,snip_2d63fd0d
ml_logger,nan,126,snip_0fe37f79
ml_logger,nan,126,snip_696c5016
ml_logger,nan,126,snip_790d8d02
ml_logger,nan,126,snip_ab3c869a
ml_logger,nan,126,snip_c7b7a368
ml_logger,nan,126,snip_15dcacef
ml_logger,nan,126,snip_91a26228
ml_logger,nan,126,snip_5219a80a
ml_logger,nan,126,snip_582d3db3
ml_logger,nan,126,snip_4050a2a1
ml_logger,nan,126,snip_277ec2fd
ml_logger,nan,126,snip_04722e1d
ml_logger,nan,126,snip_21547350
ml_logger,nan,126,snip_eb02e98c
ml_logger,nan,126,snip_64875a4e
ml_logger,nan,126,snip_beac58b0
ml_logger,nan,126,snip_9178045f
ml_logger,nan,126,snip_ab61b8cf
ml_logger,nan,126,snip_e9e97fa8
ml_logger,nan,126,snip_45b5191c
ml_logger,nan,126,snip_02d49bf9
ml_logger,nan,126,snip_fd8c1ba9
ml_logger,nan,126,snip_348bdc93
ml_logger,nan,126,snip_5cb21008
ml_logger,nan,126,snip_d2e7955f
ml_logger,nan,126,snip_37893526
ml_logger,nan,126,snip_2156e485
ml_logger,nan,126,snip_91c3a01e
ml_logger,nan,126,snip_31839f60
ml_logger,nan,126,snip_971c0465
ml_logger,nan,126,snip_e0351225
ml_logger,nan,126,snip_8b009908
ml_logger,nan,126,snip_3a61d24c
ml_logger,nan,126,snip_4683d836
ml_logger,nan,126,snip_84bc5156
ml_logger,nan,126,snip_d36bf69a
ml_logger,nan,126,snip_c4e290a0
ml_logger,nan,126,snip_eeda2c33
ml_logger,nan,126,snip_83c6e803
ml_logger,nan,126,snip_33bb4255
ml_logger,nan,126,snip_3cb0439b
ml_logger,nan,126,snip_f9fd9ccb
ml_logger,nan,126,snip_0cce7d7a
ml_logger,nan,126,snip_2e0b4d12
ml_logger,nan,126,snip_bc2d1719
ml_logger,nan,126,snip_04ec67f6
ml_logger,nan,126,snip_542243bd
ml_logger,nan,126,snip_54de1e36
ml_logger,nan,126,snip_e111883a
ml_logger,nan,126,snip_dc1247eb
ml_logger,nan,126,snip_b5b17c97
ml_logger,nan,126,snip_70362df4
ml_logger,nan,126,snip_52df072e
ml_logger,nan,126,snip_f0f6b86d
ml_logger,nan,126,snip_2b95c82f
ml_logger,nan,126,snip_6d902955
ml_logger,nan,126,snip_d9fc4c09
ml_logger,nan,126,snip_92472959
ml_logger,nan,126,snip_968ad616
ml_logger,nan,126,snip_62c4dbd4
ml_logger,nan,126,snip_0d8fa6b9
ml_logger,nan,126,snip_a78f4935
ml_logger,nan,126,snip_1366b4c6
ml_logger,nan,126,snip_8868accb
ml_logger,nan,126,snip_df434d4d
ml_logger,nan,126,snip_fb4e2a9a
ml_logger,nan,126,snip_b05ede19
ml_logger,nan,126,snip_61ff2677
ml_logger,nan,126,snip_f0d16353
tensorboard,nan,178,snip_39d746b9
tensorboard,nan,178,snip_e10c198a
tensorboard,nan,178,snip_194f0679
tensorboard,nan,178,snip_d06ea6d7
tensorboard,nan,178,snip_085499ea
tensorboard,nan,178,snip_4e13b233
tensorboard,nan,178,snip_8713abfa
tensorboard,nan,178,snip_8c9ea735
tensorboard,nan,178,snip_3662bf5f
tensorboard,nan,178,snip_5b5c5047
tensorboard,nan,178,snip_c264efe5
tensorboard,nan,178,snip_3ab057be
tensorboard,nan,178,snip_80bc2d39
tensorboard,nan,178,snip_86466485
tensorboard,nan,178,snip_a0acf3a3
tensorboard,nan,178,snip_4002129e
tensorboard,nan,178,snip_8c3cae53
tensorboard,nan,178,snip_67f69d07
tensorboard,nan,178,snip_fc6daa8e
tensorboard,nan,178,snip_c09f159e
tensorboard,nan,178,snip_9b2f084f
tensorboard,nan,178,snip_8772b309
tensorboard,nan,178,snip_97d94e5f
tensorboard,nan,178,snip_562f05de
tensorboard,nan,178,snip_268e7ad5
tensorboard,nan,178,snip_5c56ba79
tensorboard,nan,178,snip_ecc7ee95
tensorboard,nan,178,snip_22493d3e
tensorboard,nan,178,snip_5ae792c1
tensorboard,nan,178,snip_8ad2c242
tensorboard,nan,178,snip_63dc5056
tensorboard,nan,178,snip_032ba9ae
tensorboard,nan,178,snip_823c56a7
tensorboard,nan,178,snip_ca120c9a
tensorboard,nan,178,snip_f02cf98f
tensorboard,nan,178,snip_3c397e9c
tensorboard,nan,178,snip_86c777ce
tensorboard,nan,178,snip_944cfec1
tensorboard,nan,178,snip_6a95f163
tensorboard,nan,178,snip_83960290
tensorboard,nan,178,snip_05351b45
tensorboard,nan,178,snip_723ff3f5
tensorboard,nan,178,snip_e38c2fe1
tensorboard,nan,178,snip_e2504387
tensorboard,nan,178,snip_2a766a4f
tensorboard,nan,178,snip_01937956
tensorboard,nan,178,snip_6b345df6
tensorboard,nan,178,snip_e20acd66
tensorboard,nan,178,snip_ac6ab06f
tensorboard,nan,178,snip_3e2a61f2
tensorboard,nan,178,snip_32c3fd80
tensorboard,nan,178,snip_bbea5c8c
tensorboard,nan,178,snip_81739179
tensorboard,nan,178,snip_2a461973
tensorboard,nan,178,snip_0f8261d1
tensorboard,nan,178,snip_8c1b2d3d
tensorboard,nan,178,snip_53af68c7
tensorboard,nan,178,snip_34cc9578
tensorboard,nan,178,snip_16bd47f3
tensorboard,nan,178,snip_a667e6c3
tensorboard,nan,178,snip_9ec21946
tensorboard,nan,178,snip_56e65e41
tensorboard,nan,178,snip_45e82d9f
tensorboard,nan,178,snip_62aed269
tensorboard,nan,178,snip_a0a079d6
tensorboard,nan,178,snip_3ba96ec4
tensorboard,nan,178,snip_4681d39a
tensorboard,nan,178,snip_abd8de47
tensorboard,nan,178,snip_f8e866ef
tensorboard,nan,178,snip_a0fd1b5d
tensorboard,nan,178,snip_fcc2dac1
tensorboard,nan,178,snip_3c4e000f
tensorboard,nan,178,snip_f6558689
tensorboard,nan,178,snip_c0a39d19
tensorboard,nan,178,snip_20352b91
tensorboard,nan,178,snip_f2404f2f
tensorboard,nan,178,snip_f0fe68f0
tensorboard,nan,178,snip_70efc199
tensorboard,nan,178,snip_bd855c29
tensorboard,nan,178,snip_44607472
tensorboard,nan,178,snip_79d9a787
tensorboard,nan,178,snip_336e51b1
tensorboard,nan,178,snip_5a316c26
tensorboard,nan,178,snip_047e2420
tensorboard,nan,178,snip_95b6188a
tensorboard,nan,178,snip_1f7bdc36
tensorboard,nan,178,snip_14298dc7
tensorboard,nan,178,snip_e95d58b6
tensorboard,nan,178,snip_316a46d5
tensorboard,nan,178,snip_5cbbf84c
tensorboard,nan,178,snip_9b3066ec
tensorboard,nan,178,snip_cf43625c
tensorboard,nan,178,snip_7067c8a2
tensorboard,nan,178,snip_24deddc3
tensorboard,nan,178,snip_c99eb4f7
tensorboard,nan,178,snip_7226f211
tensorboard,nan,178,snip_89a1f622
tensorboard,nan,178,snip_f4556631
tensorboard,nan,178,snip_da808ec9
tensorboard,nan,178,snip_7a8ed4c8
tensorboard,nan,178,snip_3734a7f3
tensorboard,nan,178,snip_974ee0b9
tensorboard,nan,178,snip_10339944
tensorboard,nan,178,snip_8ba4be5e
tensorboard,nan,178,snip_cef7d8fb
tensorboard,nan,178,snip_10a21742
tensorboard,nan,178,snip_7adcab1a
tensorboard,nan,178,snip_452dfcd4
tensorboard,nan,178,snip_3d891c43
tensorboard,nan,178,snip_c94e5a13
tensorboard,nan,178,snip_76cd519d
tensorboard,nan,178,snip_39cb0141
tensorboard,nan,178,snip_485db704
tensorboard,nan,178,snip_0de1882e
tensorboard,nan,178,snip_584d0ea3
tensorboard,nan,178,snip_094dec52
tensorboard,nan,178,snip_89380388
tensorboard,nan,178,snip_37c360e7
tensorboard,nan,178,snip_494c8087
tensorboard,nan,178,snip_89d65606
tensorboard,nan,178,snip_37910e99
tensorboard,nan,178,snip_d990aa4a
tensorboard,nan,178,snip_241eec2b
tensorboard,nan,178,snip_0f6a9dfb
tensorboard,nan,178,snip_b2244d2d
tensorboard,nan,178,snip_30c4df23
tensorboard,nan,178,snip_e321072d
tensorboard,nan,178,snip_e7f7725c
tensorboard,nan,178,snip_378231d4
tensorboard,nan,178,snip_ed710839
tensorboard,nan,178,snip_b97c5321
tensorboard,nan,178,snip_62c6fde7
tensorboard,nan,178,snip_8022923f
tensorboard,nan,178,snip_42ecd3bc
tensorboard,nan,178,snip_db5fc604
tensorboard,nan,178,snip_6eeaee7d
tensorboard,nan,178,snip_dc5f7179
tensorboard,nan,178,snip_6ad34a0c
tensorboard,nan,178,snip_b9de4337
tensorboard,nan,178,snip_d38d66ac
tensorboard,nan,178,snip_9d536db0
whylogs,nan,3,snip_98bbf0aa
whylogs,nan,3,snip_a95e3434
whylogs,nan,3,snip_ac1d8e6c
sacred,nan,2,snip_9d3bc294
sacred,nan,2,snip_cca9e74c
logging,info,1518,snip_c028db02
logging,info,1518,snip_c39b4c3d
logging,info,1518,snip_1392b1cb
logging,info,1518,snip_6f83ae20
logging,info,1518,snip_278dd805
logging,info,1518,snip_a51adf61
logging,info,1518,snip_7c8c4252
logging,info,1518,snip_e616aafc
logging,info,1518,snip_9bd12c42
logging,info,1518,snip_77e8ca67
logging,info,1518,snip_9bffc150
logging,info,1518,snip_625e4a21
logging,info,1518,snip_3b660da6
logging,info,1518,snip_88634901
logging,info,1518,snip_9750ff64
logging,info,1518,snip_430fd599
logging,info,1518,snip_48f1ff9d
logging,info,1518,snip_a30be0d5
logging,info,1518,snip_fdd25cec
logging,info,1518,snip_3a629a40
logging,info,1518,snip_ce40cc75
logging,info,1518,snip_107b10e4
logging,info,1518,snip_012e6cb2
logging,info,1518,snip_0959f326
logging,info,1518,snip_4411daf4
logging,info,1518,snip_d27110ac
logging,info,1518,snip_b8ff9138
logging,info,1518,snip_646db563
logging,info,1518,snip_ce054d18
logging,info,1518,snip_c7ed3ce3
logging,info,1518,snip_05acc91b
logging,info,1518,snip_13710d9e
logging,info,1518,snip_144738dd
logging,info,1518,snip_dc6da8e8
logging,info,1518,snip_0d13d87a
logging,info,1518,snip_972ff5b9
logging,info,1518,snip_03da3496
logging,info,1518,snip_88e008b2
logging,info,1518,snip_00abb9ec
logging,info,1518,snip_bbdb6ada
logging,info,1518,snip_2b94927c
logging,info,1518,snip_593e499e
logging,info,1518,snip_078604de
logging,info,1518,snip_8800cb3a
logging,info,1518,snip_26778fe4
logging,info,1518,snip_dbc8a002
logging,info,1518,snip_b75eb77c
logging,info,1518,snip_7a80df35
logging,info,1518,snip_9814deb3
logging,info,1518,snip_75ee0fcc
logging,info,1518,snip_e03f15ec
logging,info,1518,snip_cddc37c0
logging,info,1518,snip_67a91245
logging,info,1518,snip_f0e008f9
logging,info,1518,snip_2cd56a95
logging,info,1518,snip_04f0914a
logging,info,1518,snip_c5c3af33
logging,info,1518,snip_64758cc4
logging,info,1518,snip_57ca8445
logging,info,1518,snip_d9fcc8ac
logging,info,1518,snip_09914b8f
logging,info,1518,snip_0e2f8fe7
logging,info,1518,snip_36b4db72
logging,info,1518,snip_1cc7d8fa
logging,info,1518,snip_6905d00e
logging,info,1518,snip_cef0f20c
logging,info,1518,snip_0bd79c78
logging,info,1518,snip_b5fbccdd
logging,info,1518,snip_e1e93c15
logging,info,1518,snip_e4c39bd5
logging,info,1518,snip_81207040
logging,info,1518,snip_be5e3f26
logging,info,1518,snip_400aff19
logging,info,1518,snip_e4aa77de
logging,info,1518,snip_3750e07f
logging,info,1518,snip_d612c749
logging,info,1518,snip_8155a479
logging,info,1518,snip_f07e5055
logging,info,1518,snip_5da374c5
logging,info,1518,snip_0802fd0f
logging,info,1518,snip_28b29778
logging,info,1518,snip_32d34d78
logging,info,1518,snip_190554a3
logging,info,1518,snip_4a53a202
logging,info,1518,snip_fe62535b
logging,info,1518,snip_0305c7fd
logging,info,1518,snip_8c40e92f
logging,info,1518,snip_813aa093
logging,info,1518,snip_4217cc69
logging,info,1518,snip_e27bae8a
logging,info,1518,snip_832670a6
logging,info,1518,snip_cbec7c33
logging,info,1518,snip_8a64222f
logging,info,1518,snip_76881a11
logging,info,1518,snip_af34861f
logging,info,1518,snip_46e4b9f3
logging,info,1518,snip_56f207eb
logging,info,1518,snip_0a98ec28
logging,info,1518,snip_eb904518
logging,info,1518,snip_fad81d6a
logging,info,1518,snip_710ce589
logging,info,1518,snip_b9cf0988
logging,info,1518,snip_dc7b5d5a
logging,info,1518,snip_c80b07b5
logging,info,1518,snip_a7d630a8
logging,info,1518,snip_ad67a301
logging,info,1518,snip_2231ad2d
logging,info,1518,snip_d6da8e2d
logging,info,1518,snip_b80c021d
logging,info,1518,snip_31a6c14c
logging,info,1518,snip_0e379e24
logging,info,1518,snip_9ef82667
logging,info,1518,snip_ee83ef15
logging,info,1518,snip_863a2804
logging,info,1518,snip_163ccfee
logging,info,1518,snip_5c984e5f
logging,info,1518,snip_89513098
logging,info,1518,snip_efe00fbc
logging,info,1518,snip_3b287d1f
logging,info,1518,snip_999eb0a2
logging,info,1518,snip_d8013391
logging,info,1518,snip_4075d0aa
logging,info,1518,snip_7f94cbc4
logging,info,1518,snip_ed6805b1
logging,info,1518,snip_4284eb54
logging,info,1518,snip_c607c507
logging,info,1518,snip_f439a65f
logging,info,1518,snip_b0accd4b
logging,info,1518,snip_ff511016
logging,info,1518,snip_74ff27a1
logging,info,1518,snip_0892e6d0
logging,info,1518,snip_2e836820
logging,info,1518,snip_c4686bd8
logging,info,1518,snip_c136bd25
logging,info,1518,snip_14a5b71e
logging,info,1518,snip_51044b63
logging,info,1518,snip_1b54a22e
logging,info,1518,snip_ef6a8599
logging,info,1518,snip_56d446aa
logging,info,1518,snip_ec4c6850
logging,info,1518,snip_c4abf842
logging,info,1518,snip_4dccd819
logging,info,1518,snip_8dd1995c
logging,info,1518,snip_e2b9118f
logging,info,1518,snip_b24491e5
logging,info,1518,snip_618b414a
logging,info,1518,snip_843c714b
logging,info,1518,snip_d69b6955
logging,info,1518,snip_33ec269a
logging,info,1518,snip_575e5de5
logging,info,1518,snip_7a1fe80a
logging,info,1518,snip_29ccf048
logging,info,1518,snip_1c1cd2f8
logging,info,1518,snip_4dbd0069
logging,info,1518,snip_6c6592fd
logging,info,1518,snip_73a03751
logging,info,1518,snip_4fbd2ff5
logging,info,1518,snip_5716c305
logging,info,1518,snip_79f90452
logging,info,1518,snip_1d3b43cf
logging,info,1518,snip_3e1cc1cf
logging,info,1518,snip_d0ab8096
logging,info,1518,snip_72c5b26a
logging,info,1518,snip_c879796d
logging,info,1518,snip_97ba4b78
logging,info,1518,snip_32a65892
logging,info,1518,snip_be3322dd
logging,info,1518,snip_30f5f5e7
logging,info,1518,snip_a4f0beab
logging,info,1518,snip_ea14098e
logging,info,1518,snip_6d98ad8f
logging,info,1518,snip_1f89cd27
logging,info,1518,snip_68d321f7
logging,info,1518,snip_4acf684f
logging,info,1518,snip_55b650ed
logging,info,1518,snip_a0bd8948
logging,info,1518,snip_6248b446
logging,info,1518,snip_ceac1986
logging,info,1518,snip_0a17ccb2
logging,info,1518,snip_a489e108
logging,info,1518,snip_7f5503ee
logging,info,1518,snip_035aba8e
logging,info,1518,snip_e8d8a284
logging,info,1518,snip_2096c5d8
logging,info,1518,snip_b855dd75
logging,info,1518,snip_a830257e
logging,info,1518,snip_3bd39ea1
logging,info,1518,snip_cc9b3d29
logging,info,1518,snip_515829ca
logging,info,1518,snip_2d9c23cd
logging,info,1518,snip_93f4cbe2
logging,info,1518,snip_aecdd4d2
logging,info,1518,snip_3fc0678d
logging,info,1518,snip_136f6f81
logging,info,1518,snip_6b7eba97
logging,info,1518,snip_574a407a
logging,info,1518,snip_fccc2774
logging,info,1518,snip_80e1980e
logging,info,1518,snip_09d0b159
logging,info,1518,snip_0c87e5da
logging,info,1518,snip_cd7fdb78
logging,info,1518,snip_d07df92d
logging,info,1518,snip_9d9c44fc
logging,info,1518,snip_604a0c64
logging,info,1518,snip_019cacad
logging,info,1518,snip_644ae4a6
logging,info,1518,snip_d5ba4829
logging,info,1518,snip_87d1efd3
logging,info,1518,snip_a9eb811b
logging,info,1518,snip_b95c4f1c
logging,info,1518,snip_3b1cd4d6
logging,info,1518,snip_c76cdb59
logging,info,1518,snip_de7f10a0
logging,info,1518,snip_619145f2
logging,info,1518,snip_c869ff9a
logging,info,1518,snip_d683bfe9
logging,info,1518,snip_2e06be86
logging,info,1518,snip_822e405e
logging,info,1518,snip_680c928d
logging,info,1518,snip_dde95f2f
logging,info,1518,snip_f65715d6
logging,info,1518,snip_5f0ae219
logging,info,1518,snip_6eade4ae
logging,info,1518,snip_80108f57
logging,info,1518,snip_13b75460
logging,info,1518,snip_a99aa375
logging,info,1518,snip_7275ee45
logging,info,1518,snip_e5cf8a75
logging,info,1518,snip_1b936720
logging,info,1518,snip_8f398678
logging,info,1518,snip_e5f736af
logging,info,1518,snip_f8526e62
logging,info,1518,snip_9e075b12
logging,info,1518,snip_c1125cd1
logging,info,1518,snip_b9f44068
logging,info,1518,snip_b6ff898e
logging,info,1518,snip_188bf931
logging,info,1518,snip_44ae8458
logging,info,1518,snip_cb2fb071
logging,info,1518,snip_fbb3101e
logging,info,1518,snip_15135f20
logging,info,1518,snip_45dc2f50
logging,info,1518,snip_3ddc57e3
logging,info,1518,snip_2a1195e9
logging,info,1518,snip_4e8fb487
logging,info,1518,snip_46ece5cc
logging,info,1518,snip_d3a4a6f9
logging,info,1518,snip_d6af539b
logging,info,1518,snip_de97a4a2
logging,info,1518,snip_5eab16e0
logging,info,1518,snip_32f669a0
logging,info,1518,snip_aef01fd7
logging,info,1518,snip_db654275
logging,info,1518,snip_3a3ed5d2
logging,info,1518,snip_f36eb9ac
logging,info,1518,snip_a6a4c448
logging,info,1518,snip_add8cfcb
logging,info,1518,snip_15fca840
logging,info,1518,snip_d679660a
logging,info,1518,snip_acaa2f93
logging,info,1518,snip_64574ec9
logging,info,1518,snip_6c89c772
logging,info,1518,snip_c9b969e3
logging,info,1518,snip_904be6c4
logging,info,1518,snip_955cd52d
logging,info,1518,snip_826d6249
logging,info,1518,snip_e12eb35d
logging,info,1518,snip_63737270
logging,info,1518,snip_1f1cc383
logging,info,1518,snip_44e593cf
logging,info,1518,snip_1ef5c169
logging,info,1518,snip_46f78b3b
logging,info,1518,snip_cf89373c
logging,info,1518,snip_b5b68c5f
logging,info,1518,snip_02f8e8df
logging,info,1518,snip_062d8fcf
logging,info,1518,snip_d231ae38
logging,info,1518,snip_d0f3a5fc
logging,info,1518,snip_b18fbba9
logging,info,1518,snip_c8dd8f25
logging,info,1518,snip_cb8a1ff5
logging,info,1518,snip_7655124f
logging,info,1518,snip_a0f6ab3a
logging,info,1518,snip_9bc76d0b
logging,info,1518,snip_b73b1a23
logging,info,1518,snip_fe1e1155
logging,info,1518,snip_1ee003f4
logging,info,1518,snip_815d6d41
logging,info,1518,snip_1875678a
logging,info,1518,snip_b743a693
logging,info,1518,snip_f07359bc
logging,info,1518,snip_02133519
logging,info,1518,snip_c9a5992f
logging,info,1518,snip_6bc675b3
logging,info,1518,snip_6b147595
logging,info,1518,snip_381806c4
logging,info,1518,snip_b75d8f3b
logging,info,1518,snip_38fdcdd9
logging,info,1518,snip_a9b48e53
logging,info,1518,snip_0fdf656c
logging,info,1518,snip_328a5923
logging,info,1518,snip_7a79c747
logging,info,1518,snip_b4b29976
logging,info,1518,snip_2bbc490b
logging,info,1518,snip_f6b77421
logging,info,1518,snip_70319a14
logging,info,1518,snip_9cfa8b8b
logging,info,1518,snip_5b160880
logging,info,1518,snip_6a04f7fa
logging,info,1518,snip_c5e94a7b
logging,info,1518,snip_c5ff8f12
logging,info,1518,snip_b3b13a8e
logging,info,1518,snip_870861a7
logging,info,1518,snip_bc49977a
logging,info,1518,snip_03bd3360
logging,info,1518,snip_1e4a5b15
logging,info,1518,snip_15f41a6c
logging,info,1518,snip_b89169f8
logging,info,1518,snip_22c353ed
logging,info,1518,snip_3754bdd9
logging,info,1518,snip_ddc3f0e8
logging,info,1518,snip_185176b5
logging,info,1518,snip_e8dc5a6b
logging,info,1518,snip_407c1c37
logging,info,1518,snip_1f816cc8
logging,info,1518,snip_82cd4efc
logging,info,1518,snip_78458e04
logging,info,1518,snip_bfdd128f
logging,info,1518,snip_03a29905
logging,info,1518,snip_0ce2a39c
logging,info,1518,snip_cc6b4f99
logging,info,1518,snip_befb2281
logging,info,1518,snip_5b236c6c
logging,info,1518,snip_18ee1883
logging,info,1518,snip_d1e50e0b
logging,info,1518,snip_c26ee655
logging,info,1518,snip_53fb9ee1
logging,info,1518,snip_86ab912d
logging,info,1518,snip_e3db49e0
logging,info,1518,snip_e582ecfa
logging,info,1518,snip_ae5b269a
logging,info,1518,snip_310e68d8
logging,info,1518,snip_5ca81627
logging,info,1518,snip_a4179e50
logging,info,1518,snip_7fee5c3d
logging,info,1518,snip_a5a1badd
logging,info,1518,snip_45f6b4c7
logging,info,1518,snip_888e133d
logging,info,1518,snip_f8d954a0
logging,info,1518,snip_e7ca558e
logging,info,1518,snip_82175aa6
logging,info,1518,snip_fbf2bb31
logging,info,1518,snip_e793b569
logging,info,1518,snip_f77c83a1
logging,info,1518,snip_efd64625
logging,info,1518,snip_f6247d6c
logging,info,1518,snip_0062de92
logging,info,1518,snip_6b37effd
logging,info,1518,snip_8e5373bf
logging,info,1518,snip_16f2463d
logging,info,1518,snip_dd818f11
logging,info,1518,snip_c6b85401
logging,info,1518,snip_ae6598ab
logging,info,1518,snip_d094ee30
logging,info,1518,snip_443dcc02
logging,info,1518,snip_8608c14a
logging,info,1518,snip_d340b849
logging,info,1518,snip_67969256
logging,info,1518,snip_d4f1e1ab
logging,info,1518,snip_48538efd
logging,info,1518,snip_ff63d64e
logging,info,1518,snip_fbabc8ce
logging,info,1518,snip_2e2b778a
logging,info,1518,snip_4ed3b5e6
logging,info,1518,snip_ade12ea6
logging,info,1518,snip_601b61c0
logging,info,1518,snip_9e43ecd4
logging,info,1518,snip_e038d44a
logging,info,1518,snip_6dd85417
logging,info,1518,snip_7cd47c63
logging,info,1518,snip_f9b1936f
logging,info,1518,snip_fd7357b1
logging,info,1518,snip_d157cfab
logging,info,1518,snip_96a475b5
logging,info,1518,snip_0a9e8cab
logging,info,1518,snip_5aa2adb5
logging,info,1518,snip_ec9c2120
logging,info,1518,snip_c5deb10f
logging,info,1518,snip_32d8f893
logging,info,1518,snip_511ecc59
logging,info,1518,snip_a87e779d
logging,info,1518,snip_1eba3873
logging,info,1518,snip_160ed650
logging,info,1518,snip_3c100cca
logging,info,1518,snip_97465dd9
logging,info,1518,snip_07794a5f
logging,info,1518,snip_5f9c9fa5
logging,info,1518,snip_cfe4f202
logging,info,1518,snip_a8f8c299
logging,info,1518,snip_a17ad2c3
logging,info,1518,snip_41125e40
logging,info,1518,snip_3a8946d2
logging,info,1518,snip_e8b0f985
logging,info,1518,snip_74330c21
logging,info,1518,snip_2dea3ce0
logging,info,1518,snip_3370f02d
logging,info,1518,snip_f76ccfcc
logging,info,1518,snip_ae80e31d
logging,info,1518,snip_cf091fb2
logging,info,1518,snip_03239e01
logging,info,1518,snip_21c61f6e
logging,info,1518,snip_4680f336
logging,info,1518,snip_aae950f7
logging,info,1518,snip_39f487c5
logging,info,1518,snip_daa611d0
logging,info,1518,snip_8d9a2c97
logging,info,1518,snip_79bc10d6
logging,info,1518,snip_9389ee1f
logging,info,1518,snip_5862603d
logging,info,1518,snip_5ac3424e
logging,info,1518,snip_11f302df
logging,info,1518,snip_0fd9e8b8
logging,info,1518,snip_d18975bb
logging,info,1518,snip_3e795073
logging,info,1518,snip_a46dd283
logging,info,1518,snip_1333312a
logging,info,1518,snip_249f1e8c
logging,info,1518,snip_d68f30f4
logging,info,1518,snip_07148c04
logging,info,1518,snip_d353dda6
logging,info,1518,snip_4e1ac6b2
logging,info,1518,snip_3fa65f8d
logging,info,1518,snip_34bd5f8c
logging,info,1518,snip_8894a154
logging,info,1518,snip_93fc8dd5
logging,info,1518,snip_8f874ee7
logging,info,1518,snip_671a06d7
logging,info,1518,snip_c9d94d81
logging,info,1518,snip_c714aa48
logging,info,1518,snip_f1b2faf5
logging,info,1518,snip_c704e9f3
logging,info,1518,snip_c78e9de2
logging,info,1518,snip_bcd23311
logging,info,1518,snip_1ae921e5
logging,info,1518,snip_f24034a8
logging,info,1518,snip_529c31e9
logging,info,1518,snip_425f4086
logging,info,1518,snip_d2ab0794
logging,info,1518,snip_8c2304e8
logging,info,1518,snip_7e734cfc
logging,info,1518,snip_8397b62a
logging,info,1518,snip_e4e65aeb
logging,info,1518,snip_c82b6517
logging,info,1518,snip_61b748f8
logging,info,1518,snip_59f97d96
logging,info,1518,snip_313fda89
logging,info,1518,snip_5ddecbac
logging,info,1518,snip_0924fd97
logging,info,1518,snip_88033a4e
logging,info,1518,snip_6db32e34
logging,info,1518,snip_11a692d7
logging,info,1518,snip_0a2b44d2
logging,info,1518,snip_14760dfa
logging,info,1518,snip_6918e24d
logging,info,1518,snip_c8a53066
logging,info,1518,snip_aac529d9
logging,info,1518,snip_10dca145
logging,info,1518,snip_5c71e658
logging,info,1518,snip_ddc29716
logging,info,1518,snip_191c7581
logging,info,1518,snip_56f15647
logging,info,1518,snip_4f83327d
logging,info,1518,snip_718b72fb
logging,info,1518,snip_d528adcb
logging,info,1518,snip_b031944a
logging,info,1518,snip_d97ad76f
logging,info,1518,snip_13f778a4
logging,exception,106,snip_7ae9b1b7
logging,exception,106,snip_171dbe52
logging,exception,106,snip_caeb68c7
logging,exception,106,snip_7ff2ba53
logging,exception,106,snip_7e2954e6
logging,exception,106,snip_2c7c1705
logging,exception,106,snip_6fb787a5
logging,exception,106,snip_eff5170d
logging,exception,106,snip_749e36ee
logging,exception,106,snip_848b0991
logging,exception,106,snip_c43ec066
logging,exception,106,snip_0ef2f055
logging,exception,106,snip_393cbe18
logging,exception,106,snip_0de0c8ee
logging,exception,106,snip_17422b71
logging,exception,106,snip_5dfc9050
logging,exception,106,snip_b60608e1
logging,exception,106,snip_772cfd06
logging,exception,106,snip_5dbde717
logging,exception,106,snip_ddd6864c
logging,exception,106,snip_26a389c7
logging,exception,106,snip_d88f6b30
logging,exception,106,snip_22e736e6
logging,exception,106,snip_d89aa7e6
logging,exception,106,snip_dc68085a
logging,exception,106,snip_f2a7234c
logging,exception,106,snip_c035dcad
logging,exception,106,snip_f07b68c2
logging,exception,106,snip_4cc77465
logging,exception,106,snip_2b81adcb
logging,exception,106,snip_1b09097a
logging,exception,106,snip_14c5043b
logging,exception,106,snip_71349ff4
logging,exception,106,snip_0e8561e2
logging,exception,106,snip_493e1960
logging,exception,106,snip_fb777acf
logging,exception,106,snip_55f430f0
logging,exception,106,snip_2423e72c
logging,exception,106,snip_064a4064
logging,exception,106,snip_3335c064
logging,exception,106,snip_effab9bc
logging,exception,106,snip_8940a229
logging,exception,106,snip_8f2ceebe
logging,exception,106,snip_14f50c40
logging,exception,106,snip_0dfe07c6
logging,exception,106,snip_838c596d
logging,exception,106,snip_de34adbd
logging,exception,106,snip_eabbc04a
logging,exception,106,snip_7c5a4910
logging,exception,106,snip_c317a9ea
logging,exception,106,snip_a1e28a66
logging,exception,106,snip_bb642c42
logging,exception,106,snip_73070a24
logging,exception,106,snip_01313554
logging,exception,106,snip_d08f524f
logging,exception,106,snip_7348b45e
logging,exception,106,snip_26251eb6
logging,exception,106,snip_45a342fe
logging,exception,106,snip_4badf1c0
logging,exception,106,snip_69f72ea2
logging,exception,106,snip_d619a3f9
logging,exception,106,snip_1efffe07
logging,exception,106,snip_1fce9d98
logging,exception,106,snip_1cc7f307
logging,exception,106,snip_9ec442f9
logging,exception,106,snip_3c597ce0
logging,exception,106,snip_a00e955d
logging,exception,106,snip_c953170f
logging,exception,106,snip_4e777933
logging,exception,106,snip_a2721753
logging,exception,106,snip_c6071626
logging,exception,106,snip_353bd1d2
logging,exception,106,snip_eb7768be
logging,exception,106,snip_ae4e40dc
logging,exception,106,snip_6cd1f864
logging,exception,106,snip_87e70644
logging,exception,106,snip_fcac5bfb
logging,exception,106,snip_5730cfd6
logging,exception,106,snip_09170c0d
logging,exception,106,snip_9e291f30
logging,exception,106,snip_c50f587b
logging,exception,106,snip_54b1c24a
logging,exception,106,snip_366ef36c
logging,exception,106,snip_832a7f4e
logging,exception,106,snip_7ea5b304
logging,exception,106,snip_35afbe1d
logging,exception,106,snip_c881ec0a
logging,exception,106,snip_09fd5dd8
logging,exception,106,snip_4ac41781
logging,exception,106,snip_7893cb57
logging,exception,106,snip_a6a39317
logging,exception,106,snip_cd5a6d81
logging,debug,343,snip_ce654168
logging,debug,343,snip_3295946f
logging,debug,343,snip_36414fc7
logging,debug,343,snip_1f872286
logging,debug,343,snip_7b0e2060
logging,debug,343,snip_770c7bb5
logging,debug,343,snip_ac3b2e5a
logging,debug,343,snip_0bec17d3
logging,debug,343,snip_a0cc1f1e
logging,debug,343,snip_8b25be0d
logging,debug,343,snip_85bfe0ef
logging,debug,343,snip_a0321a31
logging,debug,343,snip_9a6eee70
logging,debug,343,snip_7c03ea14
logging,debug,343,snip_50d5fe57
logging,debug,343,snip_0d7c0cf4
logging,debug,343,snip_6f43dae3
logging,debug,343,snip_b05e1f06
logging,debug,343,snip_5e976b44
logging,debug,343,snip_11976273
logging,debug,343,snip_ea9e4239
logging,debug,343,snip_d4b790b0
logging,debug,343,snip_3b27c32e
logging,debug,343,snip_46b81d15
logging,debug,343,snip_2b625178
logging,debug,343,snip_1dda2fe3
logging,debug,343,snip_9184513a
logging,debug,343,snip_a63c1af1
logging,debug,343,snip_4f9f23a1
logging,debug,343,snip_db7c75dd
logging,debug,343,snip_ae825a74
logging,debug,343,snip_ba7b1576
logging,debug,343,snip_c2a90054
logging,debug,343,snip_8b106ae4
logging,debug,343,snip_2fc223e9
logging,debug,343,snip_5a58ff3e
logging,debug,343,snip_05c57490
logging,debug,343,snip_498f488f
logging,debug,343,snip_09de905c
logging,debug,343,snip_491ea94d
logging,debug,343,snip_2adbe378
logging,debug,343,snip_b7bd7d38
logging,debug,343,snip_44fae7df
logging,debug,343,snip_170ce259
logging,debug,343,snip_9001681f
logging,debug,343,snip_9cf21557
logging,debug,343,snip_e96a530a
logging,debug,343,snip_4d5d3e14
logging,debug,343,snip_4c9d9eb6
logging,debug,343,snip_eb40e307
logging,debug,343,snip_5c77402f
logging,debug,343,snip_d97596c1
logging,debug,343,snip_4dc232a3
logging,debug,343,snip_d9eb7830
logging,debug,343,snip_f74e814d
logging,debug,343,snip_e74381ce
logging,debug,343,snip_e5bc5e6f
logging,debug,343,snip_cad6ef9c
logging,debug,343,snip_fc488ef1
logging,debug,343,snip_4ea95b74
logging,debug,343,snip_0a7dd9e2
logging,debug,343,snip_391169f8
logging,debug,343,snip_2c59d2e5
logging,debug,343,snip_b5245449
logging,debug,343,snip_0af8ba4e
logging,debug,343,snip_9ebb6e70
logging,debug,343,snip_c0e64fff
logging,debug,343,snip_fa6571d4
logging,debug,343,snip_7f6348eb
logging,debug,343,snip_d71a38b6
logging,debug,343,snip_c0e5f00c
logging,debug,343,snip_5adc4b7a
logging,debug,343,snip_71f9018a
logging,debug,343,snip_65fbfa3e
logging,debug,343,snip_c8b4801d
logging,debug,343,snip_91abc09d
logging,debug,343,snip_f6837b6c
logging,debug,343,snip_feeb8cca
logging,debug,343,snip_29d6aa1d
logging,debug,343,snip_86495238
logging,debug,343,snip_18251396
logging,debug,343,snip_e4263fce
logging,debug,343,snip_1788bb00
logging,debug,343,snip_15a8cc75
logging,debug,343,snip_2348bbeb
logging,debug,343,snip_0fe0f3c6
logging,debug,343,snip_596e3d8c
logging,debug,343,snip_7f7f4a42
logging,debug,343,snip_838b42e2
logging,debug,343,snip_4daba43f
logging,debug,343,snip_2ecb5c58
logging,debug,343,snip_3adc5e13
logging,debug,343,snip_ac1973de
logging,debug,343,snip_203f3d91
logging,debug,343,snip_3ce9c583
logging,debug,343,snip_376c2026
logging,debug,343,snip_1c159181
logging,debug,343,snip_80c564ca
logging,debug,343,snip_43b2c492
logging,debug,343,snip_690f56a1
logging,debug,343,snip_bb244155
logging,debug,343,snip_5d064dfa
logging,debug,343,snip_5f5eb9ee
logging,debug,343,snip_b6948004
logging,debug,343,snip_37372c0b
logging,debug,343,snip_297c9a75
logging,debug,343,snip_c1cd5e6e
logging,debug,343,snip_d1458c3c
logging,debug,343,snip_092a659b
logging,debug,343,snip_51228501
logging,debug,343,snip_fff2bf95
logging,debug,343,snip_796ebd07
logging,debug,343,snip_ba00788d
logging,debug,343,snip_cef59127
logging,debug,343,snip_5d7cb0f6
logging,debug,343,snip_c838f098
logging,debug,343,snip_a13449ef
logging,debug,343,snip_46cc0d84
logging,debug,343,snip_0a2eff3a
logging,debug,343,snip_feedad64
logging,debug,343,snip_3e8a38ac
logging,debug,343,snip_b5d7bf75
logging,debug,343,snip_e089e85f
logging,debug,343,snip_c68e17da
logging,debug,343,snip_87c543f5
logging,debug,343,snip_adbd834b
logging,debug,343,snip_308f7f00
logging,debug,343,snip_9e132cdb
logging,debug,343,snip_868bd120
logging,debug,343,snip_225d6b0e
logging,debug,343,snip_229cb90b
logging,debug,343,snip_2c72e522
logging,debug,343,snip_c5184026
logging,debug,343,snip_5a50c239
logging,debug,343,snip_977584af
logging,debug,343,snip_ca60e098
logging,debug,343,snip_9af4bbd3
logging,debug,343,snip_c5d7b0a8
logging,debug,343,snip_3ced2a87
logging,debug,343,snip_72705f34
logging,debug,343,snip_8740a940
logging,debug,343,snip_c65862bb
logging,debug,343,snip_3ecb7827
logging,debug,343,snip_ef4c881d
logging,debug,343,snip_c0d00a76
logging,debug,343,snip_da76de46
logging,debug,343,snip_1f9df2a4
logging,debug,343,snip_b6f92dc4
logging,debug,343,snip_d129e14d
logging,debug,343,snip_9e8f0bc5
logging,debug,343,snip_2b180b07
logging,debug,343,snip_d96c38ce
logging,debug,343,snip_1401a4de
logging,debug,343,snip_fdff9ef5
logging,debug,343,snip_0727983f
logging,debug,343,snip_e074c6cd
logging,debug,343,snip_b5544e26
logging,debug,343,snip_c8f43de4
logging,debug,343,snip_61adf627
logging,debug,343,snip_6ffa3025
logging,debug,343,snip_f2e9d1aa
logging,debug,343,snip_21765f17
logging,debug,343,snip_3c716038
logging,debug,343,snip_119fefc3
logging,debug,343,snip_8e7755a5
logging,debug,343,snip_938a987b
logging,debug,343,snip_3105883f
logging,debug,343,snip_269a6dfd
logging,debug,343,snip_e0233355
logging,debug,343,snip_8a5b62b1
logging,debug,343,snip_d340e93e
logging,debug,343,snip_670a0870
logging,debug,343,snip_c4553a62
logging,debug,343,snip_ee84b0d0
logging,debug,343,snip_7f9e8063
logging,debug,343,snip_82520186
logging,debug,343,snip_c6913213
logging,debug,343,snip_0242e0d5
logging,debug,343,snip_a1a5aed7
logging,debug,343,snip_987518fe
logging,debug,343,snip_b58f6343
logging,debug,343,snip_0c69d904
logging,debug,343,snip_ea31396e
logging,debug,343,snip_2e024a39
logging,debug,343,snip_fa553a24
logging,debug,343,snip_55a2337f
logging,debug,343,snip_e4a10d8c
logging,debug,343,snip_e473c29d
logging,debug,343,snip_6c8336a3
logging,debug,343,snip_a0ede216
logging,debug,343,snip_affc8976
logging,debug,343,snip_892ae93a
logging,debug,343,snip_74f30439
logging,debug,343,snip_77d42f0a
logging,debug,343,snip_f094c502
logging,debug,343,snip_82858213
logging,debug,343,snip_ab63e5f7
logging,debug,343,snip_f6385a3d
logging,debug,343,snip_ff57182a
logging,debug,343,snip_9a0d0584
logging,debug,343,snip_d2239d16
logging,debug,343,snip_4165c843
logging,debug,343,snip_417621d6
logging,debug,343,snip_9d6cfd36
logging,debug,343,snip_ca10ac4b
logging,debug,343,snip_a9795809
logging,debug,343,snip_bdaf6f5d
logging,debug,343,snip_868076ac
logging,debug,343,snip_5a7070b0
logging,debug,343,snip_7706186c
logging,debug,343,snip_85f70861
logging,debug,343,snip_10b03410
logging,debug,343,snip_465a83aa
logging,debug,343,snip_a0c29ebc
logging,debug,343,snip_5247fa6c
logging,debug,343,snip_1c8f08df
logging,debug,343,snip_d1daf463
logging,debug,343,snip_571dd919
logging,debug,343,snip_de7986b8
logging,debug,343,snip_7e9f6bcc
logging,debug,343,snip_8fbf1b79
logging,debug,343,snip_72114288
logging,debug,343,snip_cab041e7
logging,debug,343,snip_b937d67f
logging,debug,343,snip_b69f9061
logging,debug,343,snip_0eed1b85
logging,debug,343,snip_9cbc8bcd
logging,error,357,snip_cd0823cd
logging,error,357,snip_7fd8514c
logging,error,357,snip_936d7420
logging,error,357,snip_cf9906cb
logging,error,357,snip_0e7c0baf
logging,error,357,snip_5aeb518a
logging,error,357,snip_5d72e44d
logging,error,357,snip_638a4f53
logging,error,357,snip_42f63e59
logging,error,357,snip_2d683e98
logging,error,357,snip_2e00d6aa
logging,error,357,snip_ca6ecf33
logging,error,357,snip_8ab8a0a3
logging,error,357,snip_4cdd6585
logging,error,357,snip_65da064e
logging,error,357,snip_f2e9ed8c
logging,error,357,snip_a41e7b3a
logging,error,357,snip_d1ab7270
logging,error,357,snip_ff7ccc87
logging,error,357,snip_2494b74b
logging,error,357,snip_5b093704
logging,error,357,snip_81aa0ad1
logging,error,357,snip_401d1b56
logging,error,357,snip_ab0b1cc4
logging,error,357,snip_97ea4029
logging,error,357,snip_ab28774e
logging,error,357,snip_0ac12aeb
logging,error,357,snip_f957e1ca
logging,error,357,snip_15d69e87
logging,error,357,snip_744ac8c4
logging,error,357,snip_a6e10949
logging,error,357,snip_305680e1
logging,error,357,snip_e36aeaad
logging,error,357,snip_499dfad2
logging,error,357,snip_42b8523f
logging,error,357,snip_b1b7fde2
logging,error,357,snip_07cd1dba
logging,error,357,snip_41291525
logging,error,357,snip_f177f8a7
logging,error,357,snip_d5ac3db0
logging,error,357,snip_293c8f2b
logging,error,357,snip_89384a66
logging,error,357,snip_c92d81d3
logging,error,357,snip_d54c0f4f
logging,error,357,snip_69e5fe63
logging,error,357,snip_1d90184a
logging,error,357,snip_17097928
logging,error,357,snip_66fb4bad
logging,error,357,snip_43505e18
logging,error,357,snip_bec1b92d
logging,error,357,snip_81dbee77
logging,error,357,snip_ea608252
logging,error,357,snip_69925ae7
logging,error,357,snip_e5e23de0
logging,error,357,snip_591b52bc
logging,error,357,snip_acdc27e3
logging,error,357,snip_17d55cd8
logging,error,357,snip_5c7298e5
logging,error,357,snip_43562e96
logging,error,357,snip_0f4a6d26
logging,error,357,snip_773dffac
logging,error,357,snip_80fce3f3
logging,error,357,snip_7cde3137
logging,error,357,snip_3a474e66
logging,error,357,snip_4078e8c6
logging,error,357,snip_df35ec85
logging,error,357,snip_18619919
logging,error,357,snip_7a9f3e1e
logging,error,357,snip_95f8f6bc
logging,error,357,snip_a623fbe7
logging,error,357,snip_5eda911e
logging,error,357,snip_5eceee5c
logging,error,357,snip_7f0edd9f
logging,error,357,snip_ef448638
logging,error,357,snip_eea963c6
logging,error,357,snip_a80fa852
logging,error,357,snip_dcde25c4
logging,error,357,snip_e4b3b690
logging,error,357,snip_68fa7fba
logging,error,357,snip_50423af0
logging,error,357,snip_564342a1
logging,error,357,snip_170931b3
logging,error,357,snip_6050e0d8
logging,error,357,snip_8fb70966
logging,error,357,snip_3c434400
logging,error,357,snip_8bccc0ba
logging,error,357,snip_44344cbd
logging,error,357,snip_5e9b395f
logging,error,357,snip_eb0d8e4d
logging,error,357,snip_4e5370c1
logging,error,357,snip_39a46b30
logging,error,357,snip_987e6a5f
logging,error,357,snip_ae83b29c
logging,error,357,snip_723871f5
logging,error,357,snip_19f48f91
logging,error,357,snip_591eab6b
logging,error,357,snip_b129eeff
logging,error,357,snip_64d45401
logging,error,357,snip_61f874dc
logging,error,357,snip_60d1a1cb
logging,error,357,snip_f18b851c
logging,error,357,snip_a9608a06
logging,error,357,snip_5aefd367
logging,error,357,snip_fdb25612
logging,error,357,snip_a4f60526
logging,error,357,snip_8d6c60d1
logging,error,357,snip_b2842c6f
logging,error,357,snip_b70f59d1
logging,error,357,snip_5a02cdf6
logging,error,357,snip_43196f79
logging,error,357,snip_c0ee04b3
logging,error,357,snip_476b4e68
logging,error,357,snip_942fb16f
logging,error,357,snip_9012decd
logging,error,357,snip_8917184c
logging,error,357,snip_fbb284ff
logging,error,357,snip_21dc33fe
logging,error,357,snip_5afbb612
logging,error,357,snip_616cbbd5
logging,error,357,snip_f5d5f340
logging,error,357,snip_94eccd8d
logging,error,357,snip_454af938
logging,error,357,snip_5781fbaa
logging,error,357,snip_1a2b5019
logging,error,357,snip_e1ff3bc3
logging,error,357,snip_aca4df33
logging,error,357,snip_d902d5a8
logging,error,357,snip_2e93c5ae
logging,error,357,snip_e71c9679
logging,error,357,snip_e13d3fb7
logging,error,357,snip_69902a4e
logging,error,357,snip_163f0f2f
logging,error,357,snip_89f2e8e3
logging,error,357,snip_e070d51a
logging,error,357,snip_ee693f56
logging,error,357,snip_f12dd54c
logging,error,357,snip_5e444499
logging,error,357,snip_48129353
logging,error,357,snip_bf75bd04
logging,error,357,snip_11117534
logging,error,357,snip_bcc1bff7
logging,error,357,snip_e8d51df6
logging,error,357,snip_65a66130
logging,error,357,snip_aa204a2c
logging,error,357,snip_ff38a9a5
logging,error,357,snip_78544159
logging,error,357,snip_43f84c98
logging,error,357,snip_0c2de395
logging,error,357,snip_0b2dbca1
logging,error,357,snip_c06c1dd2
logging,error,357,snip_a7ec40fc
logging,error,357,snip_a2b41877
logging,error,357,snip_c77bfe21
logging,error,357,snip_246846a1
logging,error,357,snip_1a2ab6c6
logging,error,357,snip_c13f8c6a
logging,error,357,snip_b93519ce
logging,error,357,snip_1bc2992b
logging,error,357,snip_c736e943
logging,error,357,snip_be4100f6
logging,error,357,snip_5b75e8b6
logging,error,357,snip_e9ab55cd
logging,error,357,snip_89926903
logging,error,357,snip_6cf747d8
logging,error,357,snip_0190654b
logging,error,357,snip_13987c3c
logging,error,357,snip_7481123f
logging,error,357,snip_fc2c73c5
logging,error,357,snip_928e4c53
logging,error,357,snip_6a2577f1
logging,error,357,snip_21e5ca28
logging,error,357,snip_787ba239
logging,error,357,snip_ce298cd1
logging,error,357,snip_f497b5a8
logging,error,357,snip_7e986c55
logging,error,357,snip_dfcbb329
logging,error,357,snip_08d24b3a
logging,error,357,snip_1c15d387
logging,error,357,snip_037cb85d
logging,error,357,snip_632333e4
logging,error,357,snip_d39ee84a
logging,error,357,snip_6efbf521
logging,error,357,snip_cc6a045e
logging,error,357,snip_e8d3844b
logging,error,357,snip_2816e36e
logging,error,357,snip_9756abb5
logging,error,357,snip_6993b81f
logging,error,357,snip_0a546930
logging,error,357,snip_141ef936
logging,error,357,snip_f808eb1a
logging,error,357,snip_aabe16e2
logging,error,357,snip_4bdd4b6a
logging,error,357,snip_966c95e8
logging,error,357,snip_1b9533c7
logging,error,357,snip_5211c73f
logging,error,357,snip_8ac64dd6
logging,error,357,snip_9d830633
logging,error,357,snip_e59cd43f
logging,error,357,snip_f26f1c64
logging,error,357,snip_98a957e2
logging,error,357,snip_61f00809
logging,error,357,snip_d6623dbd
logging,error,357,snip_96f5c8b8
logging,error,357,snip_d2e4c0e9
logging,error,357,snip_e2371f8b
logging,error,357,snip_9622282e
logging,error,357,snip_cdc0b251
logging,error,357,snip_729c6937
logging,error,357,snip_f2bd8f4d
logging,error,357,snip_8a32388e
logging,error,357,snip_6df4d96c
logging,error,357,snip_6a849798
logging,error,357,snip_77cb6b8b
logging,error,357,snip_a630029b
logging,error,357,snip_774baf4f
logging,error,357,snip_0308af16
logging,error,357,snip_a62f22b1
logging,error,357,snip_35c953ad
logging,error,357,snip_7fbbb7a1
logging,error,357,snip_7c7b7b88
logging,error,357,snip_230ef7e2
logging,error,357,snip_41a0cdf9
logging,error,357,snip_7be57ba5
logging,error,357,snip_5c55c11d
logging,error,357,snip_e3723fcf
logging,error,357,snip_4d38084f
logging,error,357,snip_b3d75b64
logging,error,357,snip_5e3c7dc9
logging,error,357,snip_5fb9718e
logging,error,357,snip_0123bd14
logging,error,357,snip_76fc5b3a
logging,error,357,snip_a89934a8
logging,fatal,10,snip_0fa98deb
logging,fatal,10,snip_1c73da44
logging,fatal,10,snip_8612c1cc
logging,fatal,10,snip_e8a4d54a
logging,fatal,10,snip_d0c8b98a
logging,fatal,10,snip_b04262f4
logging,fatal,10,snip_a024634b
logging,fatal,10,snip_a0db1ba1
logging,fatal,10,snip_38f1c244
logging,fatal,10,snip_ec7af16e
logging,critical,18,snip_5d85c390
logging,critical,18,snip_7cb8f285
logging,critical,18,snip_618fcaf5
logging,critical,18,snip_d0412666
logging,critical,18,snip_0904b61c
logging,critical,18,snip_6ee50707
logging,critical,18,snip_aaf9329b
logging,critical,18,snip_bafb7c6f
logging,critical,18,snip_7944646e
logging,critical,18,snip_decf67b1
logging,critical,18,snip_0f517d4d
logging,critical,18,snip_214c7341
logging,critical,18,snip_392e5d29
logging,critical,18,snip_11eb307b
logging,critical,18,snip_aa022efe
logging,critical,18,snip_d550fa1e
logging,critical,18,snip_1f9c84b7
logging,critical,18,snip_fe21221e
