library,log_level,unique_function_count,snippet_id,selected
logging,warning,445,snip_08559f82,no
logging,warning,445,snip_898ef64d,no
logging,warning,445,snip_d7d7c841,no
logging,warning,445,snip_9de06ec3,no
logging,warning,445,snip_bfef7f6f,no
logging,warning,77,snip_3ed52e49,no
logging,warning,445,snip_c578681a,no
logging,warning,445,snip_d26369cd,no
logging,warning,445,snip_885d8668,no
logging,warning,445,snip_aabf353a,no
logging,warning,445,snip_852e33ba,no
logging,warning,445,snip_66f77570,no
logging,warning,445,snip_fe6d48b4,no
logging,warning,445,snip_bfaeef6b,no
logging,warning,445,snip_a501acf0,no
logging,warning,445,snip_73c1310e,no
logging,warning,77,snip_809ac23d,no
logging,warning,445,snip_f3c8c337,no
logging,warning,445,snip_b2526acf,no
logging,warning,445,snip_07d48827,no
logging,warning,445,snip_918dd83f,no
logging,warning,445,snip_9a89cd0d,no
logging,warning,445,snip_78c1b3e0,no
logging,warning,445,snip_3d73c1d3,no
logging,warning,445,snip_fa47e96c,no
logging,warning,445,snip_74f19a3a,no
logging,warning,445,snip_7de756ec,no
logging,warning,445,snip_ebd10238,no
logging,warning,445,snip_0e494424,no
logging,warning,445,snip_28ca25c8,no
logging,warning,445,snip_bffd2302,no
logging,warning,445,snip_7e6cd60e,no
logging,warning,445,snip_37fa6ca5,no
logging,warning,445,snip_c58e00e7,no
logging,warning,445,snip_b1d0b362,no
logging,warning,445,snip_9fcf8e58,no
logging,warning,445,snip_f026b820,no
logging,warning,445,snip_e32bbfbb,no
logging,warning,445,snip_7da4071f,no
logging,warning,445,snip_174b042c,no
logging,warning,445,snip_09093067,no
logging,warning,445,snip_c1646df7,no
logging,warning,445,snip_c22502f5,no
logging,warning,77,snip_76ad191c,yes
logging,warning,445,snip_d284a30a,no
logging,warning,445,snip_31bb005f,no
logging,warning,445,snip_0666f9f1,no
logging,warning,445,snip_da6b7ef1,no
logging,warning,445,snip_bf1dc514,no
logging,warning,445,snip_5ac3ffb4,yes
logging,warning,445,snip_2f80695d,no
logging,warning,445,snip_315f0f9f,no
logging,warning,445,snip_22aa4f32,no
logging,warning,445,snip_51bf8472,no
logging,warning,445,snip_4af0f2d4,no
logging,warning,445,snip_7df9bc3e,no
logging,warning,445,snip_0b6b0672,no
logging,warning,445,snip_85360452,no
logging,warning,445,snip_d19eb37e,no
logging,warning,445,snip_5d2de72c,no
logging,warning,77,snip_95ec8d88,no
logging,warning,445,snip_4bdd8a34,no
logging,warning,445,snip_bf05d262,no
logging,warning,445,snip_a5115408,no
logging,warning,445,snip_7143aa1e,no
logging,warning,445,snip_0ed816c1,no
logging,warning,445,snip_23c81f06,no
logging,warning,445,snip_fb376c5c,no
logging,warning,445,snip_fc9e66c5,no
logging,warning,445,snip_be482f0b,no
logging,warning,445,snip_0b3d9949,no
logging,warning,445,snip_328a0b01,no
logging,warning,445,snip_4496e45f,no
logging,warning,445,snip_b915ee87,no
logging,warning,445,snip_a02360d2,no
logging,warning,445,snip_07ec7f45,no
logging,warning,445,snip_a870a31b,yes
logging,warning,445,snip_66df78ca,no
logging,warning,445,snip_52926a2e,yes
logging,warning,445,snip_95de8fbb,no
logging,warning,445,snip_5904bc06,no
logging,warning,445,snip_8d4abacd,no
logging,warning,77,snip_ed21639d,no
logging,warning,445,snip_db243a5e,no
logging,warning,445,snip_e4576397,no
logging,warning,445,snip_86455094,no
logging,warning,445,snip_5b0d40f1,no
logging,warning,445,snip_13594823,no
logging,warning,445,snip_aad4ff04,no
logging,warning,77,snip_264a1163,no
logging,warning,445,snip_6cc39a6c,no
logging,warning,445,snip_d3a40007,no
logging,warning,77,snip_79295581,no
logging,warning,445,snip_ddcf9cf5,no
logging,warning,77,snip_ad1c5806,no
logging,warning,445,snip_e8cdc370,no
logging,warning,445,snip_902c064c,no
logging,warning,445,snip_7f473c24,no
logging,warning,445,snip_6a136c59,no
logging,warning,445,snip_68668b91,no
logging,warning,445,snip_a1ee5b7c,no
logging,warning,445,snip_518728f9,no
logging,warning,445,snip_bc8554a2,no
logging,warning,77,snip_6df2205e,no
logging,warning,445,snip_f4030dbd,no
logging,warning,445,snip_d659332c,no
logging,warning,445,snip_fe86bec9,no
logging,warning,445,snip_78c2bffa,no
logging,warning,77,snip_be592472,no
logging,warning,445,snip_e8fe5057,no
logging,warning,445,snip_6ce466b4,no
logging,warning,445,snip_77d4b770,no
logging,warning,445,snip_71a585e0,no
logging,warning,445,snip_0b526719,no
logging,warning,445,snip_7bd7fb17,no
logging,warning,445,snip_d04e05bd,yes
logging,warning,445,snip_b5198680,no
logging,warning,445,snip_cdb7ff0f,no
logging,warning,445,snip_87a37808,no
logging,warning,445,snip_887c76f2,no
logging,warning,445,snip_32d71f6e,no
logging,warning,445,snip_bb8efd70,no
logging,warning,445,snip_35f3f106,no
logging,warning,445,snip_270de235,no
logging,warning,445,snip_0a882420,no
logging,warning,445,snip_d813dcf0,no
logging,warning,445,snip_2cd3679c,no
logging,warning,445,snip_bd7da3d6,no
logging,warning,445,snip_41b600f6,no
logging,warning,445,snip_04dc6e6b,no
logging,warning,445,snip_1528068b,no
logging,warning,445,snip_ede6e47b,no
logging,warning,445,snip_a6a9ff73,no
logging,warning,445,snip_7fe686d5,no
logging,warning,445,snip_b7baa3b7,no
logging,warning,445,snip_45611376,no
logging,warning,445,snip_c4e5e8f3,no
logging,warning,445,snip_8f24b62f,no
logging,warning,445,snip_420648bf,no
logging,warning,445,snip_4086c860,yes
logging,warning,445,snip_7a868cd5,no
logging,warning,445,snip_28466d58,no
logging,warning,445,snip_ed297e57,no
logging,warning,445,snip_0fc96db5,no
logging,warning,445,snip_5e3d0f92,no
logging,warning,445,snip_f03965b0,no
logging,warning,445,snip_4d6a5eed,no
logging,warning,445,snip_83a9a6e5,no
logging,warning,445,snip_efe61482,no
logging,warning,445,snip_8c288ab0,no
logging,warning,445,snip_aa008b20,no
logging,warning,445,snip_33acfbb8,no
logging,warning,445,snip_c9c58431,no
logging,warning,445,snip_755025ce,no
logging,warning,445,snip_de7127f0,no
logging,warning,445,snip_5c8da579,no
logging,warning,77,snip_f8c9123d,no
logging,warning,445,snip_9642b9b0,no
logging,warning,445,snip_d1cc66ce,no
logging,warning,445,snip_3bc4fc54,no
logging,warning,445,snip_e0e69f8a,no
logging,warning,445,snip_344f1f2f,no
logging,warning,445,snip_d837d497,no
logging,warning,445,snip_acc52fc6,no
logging,warning,445,snip_8da6bdff,no
logging,warning,445,snip_251da226,no
logging,warning,445,snip_ca0f75f8,no
logging,warning,445,snip_afe3a15a,no
logging,warning,445,snip_df2febe1,no
logging,warning,445,snip_3733162d,no
logging,warning,445,snip_fd83a556,no
logging,warning,445,snip_b21e20a3,no
logging,warning,445,snip_49d525cf,no
logging,warning,445,snip_0a42c7b7,no
logging,warning,445,snip_8ed65fc1,no
logging,warning,445,snip_73d6a712,no
logging,warning,445,snip_85c10fcd,no
logging,warning,77,snip_1265e93a,no
logging,warning,445,snip_96f18961,no
logging,warning,445,snip_f03f93dc,no
logging,warning,445,snip_9b82c564,no
logging,warning,445,snip_10a7cec5,no
logging,warning,445,snip_187cfd63,no
logging,warning,77,snip_626212e1,no
logging,warning,445,snip_74935b2a,no
logging,warning,445,snip_5e7d0201,no
logging,warning,445,snip_3c0964e2,no
logging,warning,77,snip_e1c9fed2,no
logging,warning,445,snip_853d1df0,no
logging,warning,445,snip_3a2d83f3,no
logging,warning,445,snip_426c841e,no
logging,warning,445,snip_77e9e418,no
logging,warning,445,snip_18fd9189,no
logging,warning,445,snip_6bb7a02e,no
logging,warning,445,snip_996fe4cf,no
logging,warning,445,snip_2f5d911f,no
logging,warning,445,snip_b91d61e0,no
logging,warning,445,snip_d728d39a,no
logging,warning,445,snip_5dd8298b,no
logging,warning,445,snip_61d4744e,no
logging,warning,445,snip_249121e7,no
logging,warning,445,snip_5641baea,no
logging,warning,445,snip_abb1e44d,no
logging,warning,445,snip_2fd773cf,no
logging,warning,445,snip_dc7eb308,no
logging,warning,445,snip_d864cf12,no
logging,warning,445,snip_595a686f,no
logging,warning,445,snip_a9695ac3,no
logging,warning,445,snip_062a4d69,no
logging,warning,445,snip_f08a7d25,no
logging,warning,445,snip_8ebc9e81,no
logging,warning,445,snip_79704411,no
logging,warning,445,snip_e1406462,no
logging,warning,445,snip_0650c83d,no
logging,warning,445,snip_50731117,no
logging,warning,445,snip_2dde9ed3,no
logging,warning,445,snip_a5de5ac1,no
logging,warning,445,snip_da5b62bf,no
logging,warning,445,snip_90c4764a,no
logging,warning,445,snip_a6d31499,no
logging,warning,445,snip_3dc3642a,no
logging,warning,445,snip_cad5ae5b,no
logging,warning,445,snip_0ca5f13d,no
logging,warning,445,snip_74d7630c,no
logging,warning,445,snip_5a044317,no
logging,warning,445,snip_cad00f22,no
logging,warning,445,snip_6fa4960f,no
logging,warning,445,snip_654f3aec,no
logging,warning,445,snip_5f95d9a5,no
logging,warning,77,snip_690aaf00,no
logging,warning,445,snip_40a4adcd,no
logging,warning,445,snip_e6d1c5ca,no
logging,warning,445,snip_ac53502b,no
logging,warning,445,snip_7ba55f45,no
logging,warning,445,snip_cd9a5fd7,no
logging,warning,445,snip_b48f2c4e,no
logging,warning,445,snip_082dfd55,no
logging,warning,445,snip_50f9e177,no
logging,warning,445,snip_1680e911,no
logging,warning,445,snip_1f61ca87,no
logging,warning,445,snip_3983b744,no
logging,warning,445,snip_73c46b81,no
logging,warning,445,snip_fd76b47e,no
logging,warning,445,snip_5729199f,no
logging,warning,445,snip_b17c2c9e,no
logging,warning,445,snip_8e3259d0,no
logging,warning,445,snip_cb026c2a,no
logging,warning,77,snip_e841af0c,no
logging,warning,445,snip_33caf8d0,no
logging,warning,77,snip_dfb251fc,no
logging,warning,445,snip_6dc1bbb5,no
logging,warning,445,snip_2962050a,no
logging,warning,445,snip_ee216401,yes
logging,warning,77,snip_2c09845c,no
logging,warning,445,snip_d8f0d00d,no
logging,warning,445,snip_50954d82,no
logging,warning,445,snip_8f52b8b4,no
logging,warning,445,snip_dce4e1c9,no
logging,warning,445,snip_e174bfa5,no
logging,warning,445,snip_4de70405,yes
logging,warning,445,snip_d9d06c03,no
logging,warning,445,snip_bcdb6dd7,no
logging,warning,445,snip_a55eecd6,no
logging,warning,445,snip_33c8dbd5,no
logging,warning,445,snip_4d5f6b5b,no
logging,warning,445,snip_88ec03e8,no
logging,warning,445,snip_9b2afe11,no
logging,warning,77,snip_619fbe86,no
logging,warning,77,snip_8dbb0ded,no
logging,warning,445,snip_9aba54b7,no
logging,warning,445,snip_09ff3618,no
logging,warning,445,snip_caa94566,no
logging,warning,445,snip_c21bc369,no
logging,warning,445,snip_15d4cce9,no
logging,warning,445,snip_981fc188,no
logging,warning,445,snip_f8d6869b,no
logging,warning,445,snip_51dc859a,no
logging,warning,445,snip_79427582,no
logging,warning,77,snip_8277cdd2,no
logging,warning,445,snip_7ca68852,no
logging,warning,77,snip_7f10c396,no
logging,warning,445,snip_81b8e36f,no
logging,warning,445,snip_d031185b,no
logging,warning,445,snip_b62bb6b7,no
logging,warning,445,snip_2402616a,no
logging,warning,445,snip_80bd839e,no
logging,warning,445,snip_bf24e9e3,no
logging,warning,445,snip_2db515d6,no
logging,warning,77,snip_dfa1f373,no
logging,warning,445,snip_1aad77d4,yes
logging,warning,445,snip_c50e2a86,no
logging,warning,445,snip_4d5fe534,no
logging,warning,445,snip_296a5898,no
wandb,,367,snip_e575214c,no
wandb,,367,snip_90d172fc,no
wandb,,367,snip_4b41e2f0,no
wandb,,367,snip_5baedb1f,no
wandb,,367,snip_b102c146,no
wandb,,367,snip_6acddb74,no
wandb,,367,snip_24afb6f9,yes
wandb,,367,snip_b0963a21,no
wandb,,367,snip_e02b9392,no
wandb,,367,snip_998b8e04,yes
wandb,,367,snip_6579c405,no
wandb,,367,snip_da27af2e,no
wandb,,367,snip_c83c0c8f,no
wandb,,367,snip_64206faf,no
wandb,,367,snip_bf646027,no
wandb,,367,snip_947fd0cf,yes
wandb,,367,snip_1cf1c429,no
wandb,,367,snip_bd1c5f51,no
wandb,,367,snip_c2c22a0d,no
wandb,,367,snip_0bafd8a4,yes
wandb,,367,snip_b1bdbaa9,no
wandb,,367,snip_503c4108,yes
wandb,,367,snip_7411c9df,no
wandb,,367,snip_cb1e04c6,no
wandb,,367,snip_2182598f,yes
wandb,,367,snip_1615b200,no
wandb,,367,snip_4b8be24a,yes
wandb,,367,snip_31829837,no
wandb,,367,snip_4dc72524,no
wandb,,367,snip_ca22e962,no
wandb,,367,snip_1ffdf727,yes
wandb,,367,snip_61a62cc6,no
wandb,,367,snip_ceea6e5b,no
wandb,,367,snip_0c940811,no
wandb,,367,snip_9c2f1116,no
wandb,,367,snip_af36a53d,no
wandb,,367,snip_df8b9e93,no
wandb,,367,snip_42f483b6,no
wandb,,367,snip_f2129280,no
wandb,,367,snip_2ef54372,no
wandb,,367,snip_09511f2e,no
wandb,,367,snip_2ae8cb43,no
wandb,,367,snip_bc8f9176,no
wandb,,367,snip_66926577,no
wandb,,367,snip_74e24082,yes
wandb,,367,snip_840ee46a,no
wandb,,367,snip_ae61aeac,no
wandb,,367,snip_09253295,no
wandb,,367,snip_676223df,no
wandb,,367,snip_a6d13c3a,no
wandb,,367,snip_dd12a118,no
wandb,,367,snip_c50b136f,no
wandb,,367,snip_55fdb177,yes
wandb,,367,snip_e76ef161,no
wandb,,367,snip_8caec74b,no
wandb,,367,snip_18f1b73e,yes
wandb,,367,snip_92541dad,no
wandb,,367,snip_9ec8d917,no
wandb,,367,snip_86077001,no
wandb,,367,snip_5dc9b387,no
wandb,,367,snip_0624f2c2,no
wandb,,367,snip_b34eb6fd,no
wandb,,367,snip_0b52881b,no
wandb,,367,snip_851a48d2,no
wandb,,367,snip_e8f5b2d1,no
wandb,,367,snip_1df2899d,no
wandb,,367,snip_46de6bfb,no
wandb,,367,snip_6ba7cc74,no
wandb,,367,snip_ff4d4307,no
wandb,,367,snip_155b8fb8,no
wandb,,367,snip_f507a602,no
wandb,,367,snip_a33a922c,no
wandb,,367,snip_4d273fc4,no
wandb,,367,snip_8d00dd7e,no
wandb,,367,snip_f2b4cb04,no
wandb,,367,snip_be1ab4d3,no
wandb,,367,snip_96933aff,no
wandb,,367,snip_6c6d20de,no
wandb,,367,snip_085d3c34,no
wandb,,367,snip_0a651d5a,no
wandb,,367,snip_4202bd94,no
wandb,,367,snip_47ae069c,no
wandb,,367,snip_4c319a7b,no
wandb,,367,snip_57865f61,no
wandb,,367,snip_4b9e2857,no
wandb,,367,snip_66d8395a,no
wandb,,367,snip_3145c86f,yes
wandb,,367,snip_3f30a2b7,no
wandb,,367,snip_7d233e0f,no
wandb,,367,snip_fdeafba6,no
wandb,,367,snip_e4c1349c,no
wandb,,367,snip_fbf3f46b,no
wandb,,367,snip_316d3e64,no
wandb,,367,snip_3b0a0d8f,no
wandb,,367,snip_0d258fb9,no
wandb,,367,snip_ae9c0c9f,no
wandb,,367,snip_31716530,no
wandb,,367,snip_84f88ca0,no
wandb,,367,snip_259929e0,no
wandb,,367,snip_3a368821,no
wandb,,367,snip_acdf7386,no
wandb,,367,snip_d82ee4da,no
wandb,,367,snip_0bfdd83e,no
wandb,,367,snip_0372cdc9,no
wandb,,367,snip_c9472469,no
wandb,,367,snip_80a8d2de,no
wandb,,367,snip_7a8f7678,no
wandb,,367,snip_ee2c5842,no
wandb,,367,snip_ac06f991,no
wandb,,367,snip_d3161904,no
wandb,,367,snip_ba0c5919,no
wandb,,367,snip_51f63fd3,no
wandb,,367,snip_dd15521e,yes
wandb,,367,snip_fcac3ae4,yes
wandb,,367,snip_44b150d3,no
wandb,,367,snip_f7e8433b,yes
wandb,,367,snip_7f353a73,no
wandb,,367,snip_e7b06acd,no
wandb,,367,snip_fb292880,no
wandb,,367,snip_3c5b8404,no
wandb,,367,snip_5f5f170d,yes
wandb,,367,snip_227a7c45,no
wandb,,367,snip_c415f039,no
wandb,,367,snip_f4c2e55e,no
wandb,,367,snip_4d88302d,no
wandb,,367,snip_c047741c,no
wandb,,367,snip_8207ac49,yes
wandb,,367,snip_67411f90,no
wandb,,367,snip_de213bf8,no
wandb,,367,snip_c22d72f7,no
wandb,,367,snip_675584ca,no
wandb,,367,snip_66f1ce2b,no
wandb,,367,snip_bb3192d1,no
wandb,,367,snip_21eee981,no
wandb,,367,snip_9dddc40f,no
wandb,,367,snip_7bfe3be7,no
wandb,,367,snip_b20ee9f4,no
wandb,,367,snip_07fe29f8,yes
wandb,,367,snip_b0972f40,no
wandb,,367,snip_b090adfe,no
wandb,,367,snip_2809a413,no
wandb,,367,snip_5bea1224,no
wandb,,367,snip_12cc1b53,no
wandb,,367,snip_99502e78,no
wandb,,367,snip_4aeb6b75,no
wandb,,367,snip_af3bc3db,no
wandb,,367,snip_9c37c2ee,no
wandb,,367,snip_883997b2,no
wandb,,367,snip_de6190ca,no
wandb,,367,snip_6c075528,no
wandb,,367,snip_73f370ce,no
wandb,,367,snip_170e807c,no
wandb,,367,snip_5c9e7e9d,no
wandb,,367,snip_9ce939bf,no
wandb,,367,snip_715a7318,no
wandb,,367,snip_fd7a6e2d,no
wandb,,367,snip_b742e0da,no
wandb,,367,snip_2b0ad964,no
wandb,,367,snip_5c827dbd,no
wandb,,367,snip_9e7bcd92,no
wandb,,367,snip_0663ac9c,no
wandb,,367,snip_8c8ead37,no
wandb,,367,snip_afaea66a,no
wandb,,367,snip_b37055e1,no
wandb,,367,snip_655a3726,no
wandb,,367,snip_73819645,no
wandb,,367,snip_352b740e,no
wandb,,367,snip_2f71ff43,no
wandb,,367,snip_d5bace15,no
wandb,,367,snip_a214a2c3,no
wandb,,367,snip_3747e8e3,yes
wandb,,367,snip_1b9d01f3,no
wandb,,367,snip_6e208a8f,no
wandb,,367,snip_682131c5,no
wandb,,367,snip_cb5c1d9c,no
wandb,,367,snip_42cf8924,no
wandb,,367,snip_2a66551e,no
wandb,,367,snip_88e93b7f,no
wandb,,367,snip_dd48c3c9,no
wandb,,367,snip_ba83bc8b,no
wandb,,367,snip_c7ac1c52,no
wandb,,367,snip_8891e7ba,no
wandb,,367,snip_6f5a3054,yes
wandb,,367,snip_4c86dd7c,no
wandb,,367,snip_b3c19743,no
wandb,,367,snip_0b3c0384,no
wandb,,367,snip_72349a00,no
wandb,,367,snip_f16ec0da,no
wandb,,367,snip_bfbae723,no
wandb,,367,snip_a5d12234,no
wandb,,367,snip_4dbbb6a6,no
wandb,,367,snip_a0b36dc2,no
wandb,,367,snip_e3f5caeb,no
wandb,,367,snip_9154209d,yes
wandb,,367,snip_e5de3f4c,no
wandb,,367,snip_699cfa45,no
wandb,,367,snip_d046db19,no
wandb,,367,snip_062a64f6,no
wandb,,367,snip_09ebd8e6,no
wandb,,367,snip_ccb0be3c,no
wandb,,367,snip_500dc2e4,no
wandb,,367,snip_626221bd,no
wandb,,367,snip_423976f4,no
wandb,,367,snip_4c332f0a,no
wandb,,367,snip_e311074b,no
wandb,,367,snip_fae602bb,yes
wandb,,367,snip_ad2f5ea4,yes
wandb,,367,snip_a8108ed4,no
wandb,,367,snip_403365d7,no
wandb,,367,snip_ea8f686c,no
wandb,,367,snip_36af27b4,no
wandb,,367,snip_ce85dfd2,yes
wandb,,367,snip_1268db5c,no
wandb,,367,snip_83952057,no
wandb,,367,snip_314923a1,no
wandb,,367,snip_2a92dd94,no
wandb,,367,snip_67bf68c9,yes
wandb,,367,snip_bb15f07f,no
wandb,,367,snip_4090b832,no
wandb,,367,snip_a8e76026,no
wandb,,367,snip_f389768e,yes
wandb,,367,snip_7a7f86ab,yes
wandb,,367,snip_67f28165,no
wandb,,367,snip_f83e41fd,no
wandb,,367,snip_e7e41e67,no
wandb,,367,snip_3e180b33,no
wandb,,367,snip_a4d8a212,no
wandb,,367,snip_f86d05b6,no
wandb,,367,snip_bdc871b1,no
wandb,,367,snip_7b3ee87f,no
wandb,,367,snip_b32a9f57,no
wandb,,367,snip_37e752a0,no
wandb,,367,snip_64b4f042,no
wandb,,367,snip_9de174f7,no
wandb,,367,snip_6852eccc,no
wandb,,367,snip_335833e8,no
wandb,,367,snip_4d3d0dd1,no
neptune,,137,snip_163a44cf,yes
neptune,,137,snip_0705610e,no
neptune,,137,snip_52f3fb2c,no
neptune,,137,snip_616d379c,no
neptune,,137,snip_5eed6974,yes
neptune,,137,snip_b3d5c1e1,no
neptune,,137,snip_fae0c4e9,no
neptune,,137,snip_4b85d515,no
neptune,,137,snip_09676645,no
neptune,,137,snip_90a48fec,no
neptune,,137,snip_2766fb31,yes
neptune,,137,snip_da05d780,yes
neptune,,137,snip_69046110,no
neptune,,137,snip_adbeb463,no
neptune,,137,snip_6853b2ea,no
neptune,,137,snip_f9a2b367,no
neptune,,137,snip_c33d3add,no
neptune,,137,snip_0d1547fe,no
neptune,,137,snip_9dd9e0f1,yes
neptune,,137,snip_7590016b,no
neptune,,137,snip_77122bb2,no
neptune,,137,snip_10a2c18d,no
neptune,,137,snip_fc57f9b6,no
neptune,,137,snip_1b919c3c,no
neptune,,137,snip_b6808bc5,no
neptune,,137,snip_9a020fc6,no
neptune,,137,snip_09def806,yes
neptune,,137,snip_cfcd7abc,no
neptune,,137,snip_fdaac762,no
neptune,,137,snip_9e2c10f7,no
neptune,,137,snip_58f4fcb7,no
neptune,,137,snip_f8c936b1,no
neptune,,137,snip_17a3b6f8,no
neptune,,137,snip_bc380e72,no
neptune,,137,snip_10483220,no
neptune,,137,snip_3c25438a,no
neptune,,137,snip_c613ef7f,yes
neptune,,137,snip_304c3e38,no
neptune,,137,snip_474bc4a9,no
neptune,,137,snip_b677ac45,no
neptune,,137,snip_f859e976,yes
neptune,,137,snip_67cc981e,no
neptune,,137,snip_ee9e934e,no
neptune,,137,snip_0dff063f,no
neptune,,137,snip_a4225aca,no
neptune,,137,snip_3a35b74c,yes
neptune,,137,snip_ac0e81da,no
neptune,,137,snip_23d355a6,yes
neptune,,137,snip_892608b1,no
neptune,,137,snip_33dc8cb6,no
neptune,,137,snip_d7a99621,no
neptune,,137,snip_c34a03b9,no
neptune,,137,snip_daa743b9,no
neptune,,137,snip_c62c659f,yes
neptune,,137,snip_f13bbe69,no
neptune,,137,snip_e2c5e7de,no
neptune,,137,snip_6bef4e83,no
neptune,,137,snip_eaba2d4f,no
neptune,,137,snip_410db1e1,no
neptune,,137,snip_8238e458,no
neptune,,137,snip_588f6dc5,no
neptune,,137,snip_7632bf11,no
neptune,,137,snip_70126374,no
neptune,,137,snip_3bd00342,no
neptune,,137,snip_5ce1f68a,no
neptune,,137,snip_3c0eba5f,no
neptune,,137,snip_6164c5c4,yes
neptune,,137,snip_490969b4,no
neptune,,137,snip_6d62a8da,no
neptune,,137,snip_c7157d2d,yes
neptune,,137,snip_b6b0127c,yes
neptune,,137,snip_66758d64,no
neptune,,137,snip_198d718a,yes
neptune,,137,snip_740893b5,no
neptune,,137,snip_42d90ee3,no
neptune,,137,snip_48a020d9,no
neptune,,137,snip_06e6a533,no
neptune,,137,snip_323e1aed,no
neptune,,137,snip_ab9b4c48,yes
neptune,,137,snip_a80e2774,no
neptune,,137,snip_5b41ff67,yes
neptune,,137,snip_3a0845e3,yes
neptune,,137,snip_e3d5a285,no
neptune,,137,snip_ddbcad04,yes
neptune,,137,snip_8e5bb056,no
neptune,,137,snip_1d200884,no
neptune,,137,snip_0b3a050f,no
neptune,,137,snip_1de3fae9,no
neptune,,137,snip_192dc483,no
neptune,,137,snip_246edb84,no
neptune,,137,snip_f0494d7b,no
neptune,,137,snip_96a7d5fb,yes
neptune,,137,snip_a8b73e4d,no
neptune,,137,snip_2a6f48d8,no
neptune,,137,snip_82b4fa7c,no
neptune,,137,snip_c5b08af1,no
neptune,,137,snip_43286fbb,no
neptune,,137,snip_2435f82c,no
neptune,,137,snip_a981606e,yes
neptune,,137,snip_952868bf,no
neptune,,137,snip_453597ff,yes
neptune,,137,snip_8e13cbf5,yes
neptune,,137,snip_17a87765,no
neptune,,137,snip_f9d1aa74,yes
neptune,,137,snip_e60b26e9,no
neptune,,137,snip_ff298b8f,no
neptune,,137,snip_8085bc83,no
neptune,,137,snip_01697eca,no
neptune,,137,snip_038fbfaf,no
neptune,,137,snip_43a7456f,no
neptune,,137,snip_27e078f1,no
neptune,,137,snip_5c5f0fac,no
neptune,,137,snip_6fe22f46,yes
neptune,,137,snip_9169e7e1,no
tensorflow,,27,snip_4ae072dc,yes
tensorflow,,27,snip_011a5f44,yes
tensorflow,,27,snip_b4bbe957,yes
tensorflow,,27,snip_15e186c9,yes
tensorflow,,27,snip_cd772410,yes
tensorflow,,27,snip_3d6c7965,yes
tensorflow,,27,snip_2a92a1fa,no
tensorflow,,27,snip_9511ac7d,yes
tensorflow,,27,snip_afd7a814,yes
tensorflow,,27,snip_2d7bba43,yes
tensorflow,,27,snip_926a1bbd,no
tensorflow,,27,snip_2841a35c,yes
tensorflow,,27,snip_d71a1fac,yes
tensorflow,,27,snip_1f7593ad,yes
tensorflow,,27,snip_fc2cd126,no
tensorflow,,27,snip_8f126b05,yes
tensorflow,,27,snip_d53f2ea1,yes
tensorflow,,27,snip_9d430885,yes
tensorflow,,27,snip_d2caa90f,yes
tensorflow,,27,snip_b1b362f7,no
tensorflow,,27,snip_391400e0,yes
tensorflow,,27,snip_997026db,yes
tensorflow,,27,snip_a7f2333e,yes
tensorflow,,27,snip_854bd06c,yes
tensorflow,,27,snip_1fc2cf08,yes
tensorflow,,27,snip_dd2ba9da,yes
mlflow,,317,snip_4cdbf6e7,no
mlflow,,317,snip_b2994e42,no
mlflow,,317,snip_47fca931,no
mlflow,,317,snip_5b072e23,no
mlflow,,317,snip_a54015eb,no
mlflow,,317,snip_fcdd9b3b,no
mlflow,,317,snip_3ed24e90,no
mlflow,,317,snip_ba575359,no
mlflow,,317,snip_63171188,no
mlflow,,317,snip_b0a74645,yes
mlflow,,317,snip_11a1f765,no
mlflow,,317,snip_495f446d,no
mlflow,,317,snip_83d81242,no
mlflow,,317,snip_ff7cac7f,no
mlflow,,317,snip_52a602bb,no
mlflow,,317,snip_810443c0,yes
mlflow,,317,snip_61bf681a,no
mlflow,,317,snip_1eb47b13,no
mlflow,,317,snip_73bc026b,yes
mlflow,,317,snip_a2610700,no
mlflow,,317,snip_2a81f6d6,no
mlflow,,317,snip_11c7073f,no
mlflow,,317,snip_6c82ed92,no
mlflow,,317,snip_6d92b22c,no
mlflow,,317,snip_094da2e0,no
mlflow,,317,snip_060c0b8b,no
mlflow,,317,snip_e6ef3253,no
mlflow,,317,snip_42949371,no
mlflow,,317,snip_42a129b1,no
mlflow,,317,snip_15126614,no
mlflow,,317,snip_cd50400e,yes
mlflow,,317,snip_c808ed6c,no
mlflow,,317,snip_d1c4fe6e,no
mlflow,,317,snip_e31077c5,no
mlflow,,317,snip_da495ddb,no
mlflow,,317,snip_045d744b,no
mlflow,,317,snip_6c753c4d,no
mlflow,,317,snip_780db260,no
mlflow,,317,snip_112a6815,no
mlflow,,317,snip_3c982751,no
mlflow,,317,snip_11843f0e,no
mlflow,,317,snip_9cf6e141,no
mlflow,,317,snip_5b99a763,no
mlflow,,317,snip_2a1cf899,yes
mlflow,,317,snip_c34a30ff,no
mlflow,,317,snip_44174486,no
mlflow,,317,snip_a237b081,no
mlflow,,317,snip_d8d6556b,no
mlflow,,317,snip_a6ce24ef,no
mlflow,,317,snip_b113ea10,no
mlflow,,317,snip_669549f0,no
mlflow,,317,snip_c6b9862d,no
mlflow,,317,snip_da210674,no
mlflow,,317,snip_e1d11fb9,no
mlflow,,317,snip_5e6140b5,no
mlflow,,317,snip_7a03ab67,no
mlflow,,317,snip_a9d86453,no
mlflow,,317,snip_171930cd,no
mlflow,,317,snip_9251f965,no
mlflow,,317,snip_b3bffe1e,no
mlflow,,317,snip_651b8ea8,no
mlflow,,317,snip_bc8b5bb7,no
mlflow,,317,snip_2319136e,no
mlflow,,317,snip_33ca3b30,no
mlflow,,317,snip_e9877590,no
mlflow,,317,snip_32cebafd,no
mlflow,,317,snip_597f0d76,yes
mlflow,,317,snip_0d7358ff,yes
mlflow,,317,snip_1ac43af6,no
mlflow,,317,snip_2ece5253,no
mlflow,,317,snip_d103898d,no
mlflow,,317,snip_93c6fb79,no
mlflow,,317,snip_b903a19a,no
mlflow,,317,snip_ff35fcfc,yes
mlflow,,317,snip_06873148,no
mlflow,,317,snip_06174fdd,no
mlflow,,317,snip_baaf5218,no
mlflow,,317,snip_56454454,no
mlflow,,317,snip_65bdfff2,no
mlflow,,317,snip_731f6ac5,no
mlflow,,317,snip_4312bfdf,no
mlflow,,317,snip_8242dad7,no
mlflow,,317,snip_8bc195ce,no
mlflow,,317,snip_13579cf3,no
mlflow,,317,snip_14d43f1e,no
mlflow,,317,snip_935c2b21,no
mlflow,,317,snip_9dbd26e3,no
mlflow,,317,snip_6c13cdae,no
mlflow,,317,snip_bb63b824,no
mlflow,,317,snip_cb5d81db,yes
mlflow,,317,snip_58a52c34,no
mlflow,,317,snip_a13e0199,no
mlflow,,317,snip_daef7785,no
mlflow,,317,snip_c5921430,no
mlflow,,317,snip_6ed38532,no
mlflow,,317,snip_91c36fb4,no
mlflow,,317,snip_b4706f95,no
mlflow,,317,snip_875bcc22,no
mlflow,,317,snip_fec1d2c2,no
mlflow,,317,snip_4474d870,no
mlflow,,317,snip_e9abed47,no
mlflow,,317,snip_0e61a3ce,no
mlflow,,317,snip_ed8de028,no
mlflow,,317,snip_77996aae,no
mlflow,,317,snip_52b07e19,yes
mlflow,,317,snip_97648fa8,no
mlflow,,317,snip_1b0837ad,no
mlflow,,317,snip_f53c50e4,no
mlflow,,317,snip_14bac90b,no
mlflow,,317,snip_41e0ea56,no
mlflow,,317,snip_bcef79e5,yes
mlflow,,317,snip_f3142cc7,yes
mlflow,,317,snip_447f30ea,no
mlflow,,317,snip_cf5dc25d,no
mlflow,,317,snip_81a17536,no
mlflow,,317,snip_89785bbf,no
mlflow,,317,snip_16e02014,no
mlflow,,317,snip_01ce8e6b,no
mlflow,,317,snip_e40f9681,no
mlflow,,317,snip_1edb8663,no
mlflow,,317,snip_5990c924,no
mlflow,,317,snip_cf7883a5,no
mlflow,,317,snip_f01913bf,no
mlflow,,317,snip_fb1a3314,no
mlflow,,317,snip_845aa711,no
mlflow,,317,snip_b5dba09d,no
mlflow,,317,snip_225f5c7c,no
mlflow,,317,snip_69c86ab8,no
mlflow,,317,snip_454d11c4,no
mlflow,,317,snip_05f41e65,no
mlflow,,317,snip_fbe0de0c,no
mlflow,,317,snip_7ffb014f,no
mlflow,,317,snip_4c6a65e9,no
mlflow,,317,snip_5ddde226,no
mlflow,,317,snip_16021a6a,no
mlflow,,317,snip_ff151dd1,no
mlflow,,317,snip_603b07ca,no
mlflow,,317,snip_b43fff1c,no
mlflow,,317,snip_d82dbb52,yes
mlflow,,317,snip_a60f2fcf,yes
mlflow,,317,snip_cc76a4b0,no
mlflow,,317,snip_fae091b2,no
mlflow,,317,snip_ecc3d926,yes
mlflow,,317,snip_3f86b80f,no
mlflow,,317,snip_eca40081,no
mlflow,,317,snip_a0bd75e6,no
mlflow,,317,snip_00ca79fb,no
mlflow,,317,snip_dc6877c1,no
mlflow,,317,snip_1c7b1e42,no
mlflow,,317,snip_654f677c,no
mlflow,,317,snip_4b092d5a,no
mlflow,,317,snip_6155691d,no
mlflow,,317,snip_65e97fe4,no
mlflow,,317,snip_004e44c0,yes
mlflow,,317,snip_bebe4310,no
mlflow,,317,snip_7dc63f96,no
mlflow,,317,snip_ce05cf5b,no
mlflow,,317,snip_e6f332ee,no
mlflow,,317,snip_d226350d,yes
mlflow,,317,snip_83cfde06,no
mlflow,,317,snip_ebaca9c2,no
mlflow,,317,snip_9d0c0d9b,no
mlflow,,317,snip_fc466c2e,no
mlflow,,317,snip_4bc00cc1,no
mlflow,,317,snip_84a308d1,no
mlflow,,317,snip_66496396,no
mlflow,,317,snip_5b5f50a1,no
mlflow,,317,snip_c1923cae,no
mlflow,,317,snip_151f00f9,yes
mlflow,,317,snip_2d0e96b8,no
mlflow,,317,snip_abc98781,no
mlflow,,317,snip_9ffc76f1,yes
mlflow,,317,snip_ca221581,no
mlflow,,317,snip_8aa39877,no
mlflow,,317,snip_800b5abe,no
mlflow,,317,snip_5b105fc9,yes
mlflow,,317,snip_284e2443,yes
mlflow,,317,snip_8c519523,no
mlflow,,317,snip_45aee48e,no
mlflow,,317,snip_b3fc9963,no
mlflow,,317,snip_0ebb9cff,no
mlflow,,317,snip_821ce351,no
mlflow,,317,snip_be549c97,no
mlflow,,317,snip_e93d9cbb,no
mlflow,,317,snip_f516a851,no
mlflow,,317,snip_d91e175c,yes
mlflow,,317,snip_e3b57443,yes
mlflow,,317,snip_5d6518fe,no
mlflow,,317,snip_7327a766,no
mlflow,,317,snip_10b29c21,no
mlflow,,317,snip_b405efae,no
mlflow,,317,snip_72f5e63d,no
mlflow,,317,snip_3d911ab6,no
mlflow,,317,snip_841b9249,no
mlflow,,317,snip_85b5c271,no
mlflow,,317,snip_a522c458,no
mlflow,,317,snip_a2f49aee,no
mlflow,,317,snip_4f1161bf,no
mlflow,,317,snip_537f0faa,no
mlflow,,317,snip_60daee2a,no
mlflow,,317,snip_18e7f872,yes
mlflow,,317,snip_666a1603,no
mlflow,,317,snip_3678dc87,no
mlflow,,317,snip_7c2d5d2f,no
mlflow,,317,snip_70b60227,yes
mlflow,,317,snip_786788eb,no
mlflow,,317,snip_2fdb5b85,no
mlflow,,317,snip_11f68699,no
mlflow,,317,snip_ffb97358,no
mlflow,,317,snip_27c6b1d6,no
mlflow,,317,snip_0b25be79,no
mlflow,,317,snip_127ca7bb,no
mlflow,,317,snip_c1ac9cd3,yes
mlflow,,317,snip_8fbf061a,no
mlflow,,317,snip_62c02c12,no
comet_ml,,85,snip_c5c33f08,yes
comet_ml,,85,snip_22996df3,no
comet_ml,,85,snip_09f303ab,no
comet_ml,,85,snip_d09b3313,no
comet_ml,,85,snip_9a8a5b05,yes
comet_ml,,85,snip_a58ce4b8,yes
comet_ml,,85,snip_4e94646e,no
comet_ml,,85,snip_711e59ac,no
comet_ml,,85,snip_e69f62d6,no
comet_ml,,85,snip_22a0738d,yes
comet_ml,,85,snip_cfa2830b,yes
comet_ml,,85,snip_ca8f2bb7,no
comet_ml,,85,snip_06097d27,yes
comet_ml,,85,snip_cdcd393a,no
comet_ml,,85,snip_33dbde92,no
comet_ml,,85,snip_a6f0f861,no
comet_ml,,85,snip_8dc06877,no
comet_ml,,85,snip_c156d5ed,no
comet_ml,,85,snip_fe3b50b3,yes
comet_ml,,85,snip_6a8bd41c,no
comet_ml,,85,snip_2b5f2586,no
comet_ml,,85,snip_5efbe2d7,no
comet_ml,,85,snip_a10cf7e0,yes
comet_ml,,85,snip_3e9dfa05,no
comet_ml,,85,snip_38898753,no
comet_ml,,85,snip_4f192b79,no
comet_ml,,85,snip_77c51375,no
comet_ml,,85,snip_f080218f,no
comet_ml,,85,snip_3000978e,yes
comet_ml,,85,snip_6f0f4a1a,no
comet_ml,,85,snip_daa34d99,yes
comet_ml,,85,snip_de3fddc9,no
comet_ml,,85,snip_21e6c8ac,no
comet_ml,,85,snip_55a8b060,yes
comet_ml,,85,snip_8b4aee76,yes
comet_ml,,85,snip_f9aeb979,yes
comet_ml,,85,snip_4b53dd3d,no
comet_ml,,85,snip_6465aca8,no
comet_ml,,85,snip_0b23f394,no
comet_ml,,85,snip_8942ee90,no
comet_ml,,85,snip_ff00ca00,yes
comet_ml,,85,snip_62615b91,no
comet_ml,,85,snip_5eb24783,no
comet_ml,,85,snip_310fac8e,no
comet_ml,,85,snip_c8643500,no
comet_ml,,85,snip_5b03009b,yes
comet_ml,,85,snip_a46837a5,no
comet_ml,,85,snip_17635791,yes
comet_ml,,85,snip_6ef9dcb7,no
comet_ml,,85,snip_a399c2c9,no
comet_ml,,85,snip_ae75d6b5,yes
comet_ml,,85,snip_4277c549,no
comet_ml,,85,snip_347ae2f8,no
comet_ml,,85,snip_e1e7cd9f,yes
comet_ml,,85,snip_fb958c07,no
comet_ml,,85,snip_39efae82,no
comet_ml,,85,snip_a60ee9f4,no
comet_ml,,85,snip_7d43c0c7,yes
comet_ml,,85,snip_2cf96b3a,yes
comet_ml,,85,snip_39ddda68,no
comet_ml,,85,snip_09dd3bf3,no
comet_ml,,85,snip_333f4991,no
comet_ml,,85,snip_607d84de,no
comet_ml,,85,snip_1ebcee60,no
comet_ml,,85,snip_d15c3986,no
comet_ml,,85,snip_11d7b92e,yes
comet_ml,,85,snip_a8b11656,no
comet_ml,,85,snip_e56f316b,yes
comet_ml,,85,snip_ef8d345e,no
comet_ml,,85,snip_8b2e8d45,no
comet_ml,,85,snip_7d9f0821,yes
comet_ml,,85,snip_aeb53126,no
comet_ml,,85,snip_770cc8bf,no
comet_ml,,85,snip_e8e17944,no
comet_ml,,85,snip_9a1fa8e4,no
comet_ml,,85,snip_f9faeb62,no
dowel,,245,snip_5c626a7b,no
dowel,,245,snip_7e3b3097,no
dowel,,245,snip_4a48fd27,no
dowel,,245,snip_5022c877,no
dowel,,245,snip_f72643ab,no
dowel,,245,snip_7a75877a,no
dowel,,245,snip_58cfab96,no
dowel,,245,snip_31628e67,no
dowel,,245,snip_ab879bd4,no
dowel,,245,snip_b221a7ce,no
dowel,,245,snip_7213d7bb,no
dowel,,245,snip_20a407a1,no
dowel,,245,snip_d7d178c5,no
dowel,,245,snip_3393839e,no
dowel,,245,snip_fdd0830b,no
dowel,,245,snip_519e9827,yes
dowel,,245,snip_af2032e2,yes
dowel,,245,snip_bcde665b,no
dowel,,245,snip_918e13f2,no
dowel,,245,snip_872fd32b,yes
dowel,,245,snip_4ee4a079,no
dowel,,245,snip_78892a3d,no
dowel,,245,snip_08029c58,no
dowel,,245,snip_634aad29,no
dowel,,245,snip_2b1bc734,yes
dowel,,245,snip_28c1de49,no
dowel,,245,snip_e500056d,no
dowel,,245,snip_f67f790d,no
dowel,,245,snip_4bb0deba,no
dowel,,245,snip_3c285e80,no
dowel,,245,snip_7cca97b1,yes
dowel,,245,snip_e081525e,no
dowel,,245,snip_0df722d0,no
dowel,,245,snip_aea92a3f,no
dowel,,245,snip_03da538e,no
dowel,,245,snip_ba0ed983,no
dowel,,245,snip_9a6f3bc9,no
dowel,,245,snip_39e0ac54,no
dowel,,245,snip_c2716287,no
dowel,,245,snip_28f09602,no
dowel,,245,snip_06f1fe75,no
dowel,,245,snip_758c7bb2,no
dowel,,245,snip_a50ab56c,yes
dowel,,245,snip_5156fdf7,no
dowel,,245,snip_e712a7e3,no
dowel,,245,snip_e5cb7a4a,yes
dowel,,245,snip_ab8c547f,no
dowel,,245,snip_4d1e6355,no
dowel,,245,snip_4180ced7,no
dowel,,245,snip_5920b2c9,no
dowel,,245,snip_440bd9a0,no
dowel,,245,snip_2bc69594,no
dowel,,245,snip_67c5faaf,no
dowel,,245,snip_b9d87d65,no
dowel,,245,snip_5a7e9625,no
dowel,,245,snip_f4e0d755,no
dowel,,245,snip_eff26d9b,no
dowel,,245,snip_94083fd1,no
dowel,,245,snip_c59fbb3a,no
dowel,,245,snip_303ce15a,no
dowel,,245,snip_658e0e71,no
dowel,,245,snip_bb8bf41a,no
dowel,,245,snip_6a12546e,no
dowel,,245,snip_9ec1faf4,no
dowel,,245,snip_092733f8,no
dowel,,245,snip_bb480b51,yes
dowel,,245,snip_bc1adacc,yes
dowel,,245,snip_f951cee2,yes
dowel,,245,snip_d1c64b33,yes
dowel,,245,snip_8591c1a4,no
dowel,,245,snip_717624e3,no
dowel,,245,snip_3062bedc,no
dowel,,245,snip_a857c652,no
dowel,,245,snip_7da25a82,no
dowel,,245,snip_60b01568,no
dowel,,245,snip_845d5fa0,no
dowel,,245,snip_0fd54072,yes
dowel,,245,snip_1a3b925a,no
dowel,,245,snip_be236469,yes
dowel,,245,snip_deb3e959,no
dowel,,245,snip_e17e2378,no
dowel,,245,snip_d48c5ba6,no
dowel,,245,snip_bc059b89,yes
dowel,,245,snip_4eef615c,no
dowel,,245,snip_b4561824,no
dowel,,245,snip_84ba1a2c,no
dowel,,245,snip_4f0c2d7f,no
dowel,,245,snip_71fb368f,no
dowel,,245,snip_98cf3e2f,no
dowel,,245,snip_9c6d16fd,no
dowel,,245,snip_08af3e88,no
dowel,,245,snip_f06c6be5,no
dowel,,245,snip_f22403c5,no
dowel,,245,snip_c9df6eac,no
dowel,,245,snip_4fd1a2e8,no
dowel,,245,snip_9c4e7205,no
dowel,,245,snip_dee3621d,no
dowel,,245,snip_1a944d28,no
dowel,,245,snip_beadbd34,no
dowel,,245,snip_c7f5a445,no
dowel,,245,snip_0d2b974e,no
dowel,,245,snip_8b87b810,no
dowel,,245,snip_9e5d15b0,no
dowel,,245,snip_8a119c95,no
dowel,,245,snip_27db3138,no
dowel,,245,snip_9b1ebd1b,no
dowel,,245,snip_5447c033,no
dowel,,245,snip_8d965880,no
dowel,,245,snip_730d232f,no
dowel,,245,snip_560f1390,no
dowel,,245,snip_1e9b66a1,no
dowel,,245,snip_f6cab37a,yes
dowel,,245,snip_3fddf884,no
dowel,,245,snip_e932cccf,yes
dowel,,245,snip_ed285498,yes
dowel,,245,snip_a048c881,no
dowel,,245,snip_6e9c8ad2,no
dowel,,245,snip_3c204208,no
dowel,,245,snip_d3aa0e68,yes
dowel,,245,snip_a1ca6ad9,no
dowel,,245,snip_49ac34e0,no
dowel,,245,snip_bc596922,no
dowel,,245,snip_1069627e,yes
dowel,,245,snip_bd484386,no
dowel,,245,snip_236f7f9e,no
dowel,,245,snip_b7bcadf0,no
dowel,,245,snip_cfa66711,no
dowel,,245,snip_a4dcec89,no
dowel,,245,snip_4f3d87d9,no
dowel,,245,snip_984cdd87,no
dowel,,245,snip_475d8f03,no
dowel,,245,snip_427908ab,no
dowel,,245,snip_c1368a26,no
dowel,,245,snip_aa721460,no
dowel,,245,snip_662473a4,no
dowel,,245,snip_475da8da,no
dowel,,245,snip_97b6bb7f,no
dowel,,245,snip_4ea7f960,no
dowel,,245,snip_44f76da1,no
dowel,,245,snip_65e8bca6,no
dowel,,245,snip_f591a08b,no
dowel,,245,snip_d9872cd4,no
dowel,,245,snip_7e942199,yes
dowel,,245,snip_638b9a81,no
dowel,,245,snip_735444fc,no
dowel,,245,snip_6a01eda2,no
dowel,,245,snip_9da5831c,no
dowel,,245,snip_2fa38e4a,no
dowel,,245,snip_c85ae334,no
dowel,,245,snip_5ac91de5,no
dowel,,245,snip_9521c599,no
dowel,,245,snip_c3c4dd30,no
dowel,,245,snip_0e5f40e1,yes
dowel,,245,snip_ba0cc23e,no
dowel,,245,snip_2e70f856,no
dowel,,245,snip_d5c27f9b,no
dowel,,245,snip_72a8547d,no
dowel,,245,snip_cc7c38d7,no
dowel,,245,snip_211846ea,no
dowel,,245,snip_f5316427,no
dowel,,245,snip_3793a61b,no
dowel,,245,snip_a3199d31,no
dowel,,245,snip_47ad03e4,no
dowel,,245,snip_a948ada8,no
dowel,,245,snip_0f4c232a,no
dowel,,245,snip_b00b83b7,yes
dowel,,245,snip_7c3925f7,no
dowel,,245,snip_53e07278,no
dowel,,245,snip_21582fdb,no
dowel,,245,snip_d034cf8c,no
dowel,,245,snip_10d69011,no
dowel,,245,snip_48ccb83f,no
dowel,,245,snip_7c56793a,no
dowel,,245,snip_4859d503,no
dowel,,245,snip_ba6f2577,no
dowel,,245,snip_f85e093a,no
dowel,,245,snip_c706269f,no
dowel,,245,snip_aee2c8ce,no
dowel,,245,snip_b8d26454,no
ml_logger,,126,snip_e06b6f56,yes
ml_logger,,126,snip_18e7bbdb,no
ml_logger,,126,snip_0bf51e54,no
ml_logger,,126,snip_efe1103f,no
ml_logger,,126,snip_29828b9b,yes
ml_logger,,126,snip_9f68c93c,no
ml_logger,,126,snip_33eab252,no
ml_logger,,126,snip_56fcf01b,no
ml_logger,,126,snip_cfa0ee9f,no
ml_logger,,126,snip_5959ccc9,no
ml_logger,,126,snip_9ab5bc06,yes
ml_logger,,126,snip_1b9f91ed,yes
ml_logger,,126,snip_69f02419,yes
ml_logger,,126,snip_2772d85b,no
ml_logger,,126,snip_6c6509c4,no
ml_logger,,126,snip_b9e8d6ca,no
ml_logger,,126,snip_01335e27,no
ml_logger,,126,snip_9858c18e,no
ml_logger,,126,snip_e5a0f121,yes
ml_logger,,126,snip_4c400d20,no
ml_logger,,126,snip_06f8963b,no
ml_logger,,126,snip_7a4dd8d2,no
ml_logger,,126,snip_3117f2c6,no
ml_logger,,126,snip_9e2819bf,no
ml_logger,,126,snip_ad00e1e5,no
ml_logger,,126,snip_5f5107d8,no
ml_logger,,126,snip_93b138dc,no
ml_logger,,126,snip_846bdd26,no
ml_logger,,126,snip_846b37f5,no
ml_logger,,126,snip_fd43ac14,no
ml_logger,,126,snip_144be315,yes
ml_logger,,126,snip_51840cdf,no
ml_logger,,126,snip_1ee7792f,no
ml_logger,,126,snip_f98de44f,yes
ml_logger,,126,snip_c1a8bdb8,no
ml_logger,,126,snip_544d565c,no
ml_logger,,126,snip_2d63fd0d,no
ml_logger,,126,snip_0fe37f79,no
ml_logger,,126,snip_696c5016,no
ml_logger,,126,snip_790d8d02,no
ml_logger,,126,snip_ab3c869a,no
ml_logger,,126,snip_c7b7a368,no
ml_logger,,126,snip_15dcacef,yes
ml_logger,,126,snip_91a26228,no
ml_logger,,126,snip_5219a80a,yes
ml_logger,,126,snip_582d3db3,no
ml_logger,,126,snip_4050a2a1,no
ml_logger,,126,snip_277ec2fd,yes
ml_logger,,126,snip_04722e1d,no
ml_logger,,126,snip_21547350,no
ml_logger,,126,snip_eb02e98c,no
ml_logger,,126,snip_64875a4e,no
ml_logger,,126,snip_beac58b0,no
ml_logger,,126,snip_9178045f,no
ml_logger,,126,snip_ab61b8cf,no
ml_logger,,126,snip_e9e97fa8,yes
ml_logger,,126,snip_45b5191c,no
ml_logger,,126,snip_02d49bf9,no
ml_logger,,126,snip_fd8c1ba9,no
ml_logger,,126,snip_348bdc93,no
ml_logger,,126,snip_5cb21008,no
ml_logger,,126,snip_d2e7955f,no
ml_logger,,126,snip_37893526,no
ml_logger,,126,snip_2156e485,no
ml_logger,,126,snip_91c3a01e,yes
ml_logger,,126,snip_31839f60,yes
ml_logger,,126,snip_971c0465,no
ml_logger,,126,snip_e0351225,yes
ml_logger,,126,snip_8b009908,no
ml_logger,,126,snip_3a61d24c,no
ml_logger,,126,snip_4683d836,no
ml_logger,,126,snip_84bc5156,no
ml_logger,,126,snip_d36bf69a,no
ml_logger,,126,snip_c4e290a0,no
ml_logger,,126,snip_eeda2c33,no
ml_logger,,126,snip_83c6e803,no
ml_logger,,126,snip_33bb4255,no
ml_logger,,126,snip_3cb0439b,no
ml_logger,,126,snip_f9fd9ccb,yes
ml_logger,,126,snip_0cce7d7a,yes
ml_logger,,126,snip_2e0b4d12,yes
ml_logger,,126,snip_bc2d1719,yes
ml_logger,,126,snip_04ec67f6,no
ml_logger,,126,snip_542243bd,no
ml_logger,,126,snip_54de1e36,no
ml_logger,,126,snip_e111883a,no
ml_logger,,126,snip_dc1247eb,no
ml_logger,,126,snip_b5b17c97,no
ml_logger,,126,snip_70362df4,no
ml_logger,,126,snip_52df072e,no
ml_logger,,126,snip_f0f6b86d,no
ml_logger,,126,snip_2b95c82f,no
ml_logger,,126,snip_6d902955,no
ml_logger,,126,snip_d9fc4c09,yes
ml_logger,,126,snip_92472959,no
ml_logger,,126,snip_968ad616,no
ml_logger,,126,snip_62c4dbd4,no
ml_logger,,126,snip_0d8fa6b9,yes
ml_logger,,126,snip_a78f4935,no
ml_logger,,126,snip_1366b4c6,no
ml_logger,,126,snip_8868accb,yes
ml_logger,,126,snip_df434d4d,no
ml_logger,,126,snip_fb4e2a9a,no
ml_logger,,126,snip_b05ede19,no
ml_logger,,126,snip_61ff2677,no
ml_logger,,126,snip_f0d16353,no
tensorboard,,178,snip_39d746b9,no
tensorboard,,178,snip_e10c198a,no
tensorboard,,178,snip_194f0679,no
tensorboard,,178,snip_d06ea6d7,no
tensorboard,,178,snip_085499ea,no
tensorboard,,178,snip_4e13b233,no
tensorboard,,178,snip_8713abfa,no
tensorboard,,178,snip_8c9ea735,no
tensorboard,,178,snip_3662bf5f,no
tensorboard,,178,snip_5b5c5047,no
tensorboard,,178,snip_c264efe5,no
tensorboard,,178,snip_3ab057be,yes
tensorboard,,178,snip_80bc2d39,yes
tensorboard,,178,snip_86466485,no
tensorboard,,178,snip_a0acf3a3,no
tensorboard,,178,snip_4002129e,no
tensorboard,,178,snip_8c3cae53,no
tensorboard,,178,snip_67f69d07,no
tensorboard,,178,snip_fc6daa8e,no
tensorboard,,178,snip_c09f159e,yes
tensorboard,,178,snip_9b2f084f,no
tensorboard,,178,snip_8772b309,no
tensorboard,,178,snip_97d94e5f,no
tensorboard,,178,snip_562f05de,no
tensorboard,,178,snip_268e7ad5,no
tensorboard,,178,snip_5c56ba79,no
tensorboard,,178,snip_ecc7ee95,yes
tensorboard,,178,snip_22493d3e,yes
tensorboard,,178,snip_5ae792c1,no
tensorboard,,178,snip_8ad2c242,no
tensorboard,,178,snip_63dc5056,no
tensorboard,,178,snip_032ba9ae,yes
tensorboard,,178,snip_823c56a7,no
tensorboard,,178,snip_ca120c9a,no
tensorboard,,178,snip_f02cf98f,no
tensorboard,,178,snip_3c397e9c,no
tensorboard,,178,snip_86c777ce,no
tensorboard,,178,snip_944cfec1,no
tensorboard,,178,snip_6a95f163,no
tensorboard,,178,snip_83960290,no
tensorboard,,178,snip_05351b45,no
tensorboard,,178,snip_723ff3f5,no
tensorboard,,178,snip_e38c2fe1,no
tensorboard,,178,snip_e2504387,no
tensorboard,,178,snip_2a766a4f,no
tensorboard,,178,snip_01937956,yes
tensorboard,,178,snip_6b345df6,no
tensorboard,,178,snip_e20acd66,no
tensorboard,,178,snip_ac6ab06f,no
tensorboard,,178,snip_3e2a61f2,no
tensorboard,,178,snip_32c3fd80,no
tensorboard,,178,snip_bbea5c8c,yes
tensorboard,,178,snip_81739179,no
tensorboard,,178,snip_2a461973,no
tensorboard,,178,snip_0f8261d1,no
tensorboard,,178,snip_8c1b2d3d,no
tensorboard,,178,snip_53af68c7,no
tensorboard,,178,snip_34cc9578,no
tensorboard,,178,snip_16bd47f3,no
tensorboard,,178,snip_a667e6c3,no
tensorboard,,178,snip_9ec21946,no
tensorboard,,178,snip_56e65e41,no
tensorboard,,178,snip_45e82d9f,no
tensorboard,,178,snip_62aed269,no
tensorboard,,178,snip_a0a079d6,no
tensorboard,,178,snip_3ba96ec4,no
tensorboard,,178,snip_4681d39a,no
tensorboard,,178,snip_abd8de47,yes
tensorboard,,178,snip_f8e866ef,yes
tensorboard,,178,snip_a0fd1b5d,no
tensorboard,,178,snip_fcc2dac1,no
tensorboard,,178,snip_3c4e000f,no
tensorboard,,178,snip_f6558689,no
tensorboard,,178,snip_c0a39d19,no
tensorboard,,178,snip_20352b91,no
tensorboard,,178,snip_f2404f2f,no
tensorboard,,178,snip_f0fe68f0,no
tensorboard,,178,snip_70efc199,no
tensorboard,,178,snip_bd855c29,no
tensorboard,,178,snip_44607472,no
tensorboard,,178,snip_79d9a787,no
tensorboard,,178,snip_336e51b1,no
tensorboard,,178,snip_5a316c26,yes
tensorboard,,178,snip_047e2420,no
tensorboard,,178,snip_95b6188a,no
tensorboard,,178,snip_1f7bdc36,no
tensorboard,,178,snip_14298dc7,no
tensorboard,,178,snip_e95d58b6,no
tensorboard,,178,snip_316a46d5,no
tensorboard,,178,snip_5cbbf84c,no
tensorboard,,178,snip_9b3066ec,no
tensorboard,,178,snip_cf43625c,no
tensorboard,,178,snip_7067c8a2,no
tensorboard,,178,snip_24deddc3,no
tensorboard,,178,snip_c99eb4f7,yes
tensorboard,,178,snip_7226f211,yes
tensorboard,,178,snip_89a1f622,no
tensorboard,,178,snip_f4556631,no
tensorboard,,178,snip_da808ec9,no
tensorboard,,178,snip_7a8ed4c8,no
tensorboard,,178,snip_3734a7f3,no
tensorboard,,178,snip_974ee0b9,no
tensorboard,,178,snip_10339944,no
tensorboard,,178,snip_8ba4be5e,no
tensorboard,,178,snip_cef7d8fb,no
tensorboard,,178,snip_10a21742,yes
tensorboard,,178,snip_7adcab1a,no
tensorboard,,178,snip_452dfcd4,no
tensorboard,,178,snip_3d891c43,yes
tensorboard,,178,snip_c94e5a13,no
tensorboard,,178,snip_76cd519d,no
tensorboard,,178,snip_39cb0141,yes
tensorboard,,178,snip_485db704,no
tensorboard,,178,snip_0de1882e,no
tensorboard,,178,snip_584d0ea3,yes
tensorboard,,178,snip_094dec52,no
tensorboard,,178,snip_89380388,no
tensorboard,,178,snip_37c360e7,no
tensorboard,,178,snip_494c8087,no
tensorboard,,178,snip_89d65606,no
tensorboard,,178,snip_37910e99,yes
tensorboard,,178,snip_d990aa4a,no
tensorboard,,178,snip_241eec2b,no
tensorboard,,178,snip_0f6a9dfb,no
tensorboard,,178,snip_b2244d2d,no
tensorboard,,178,snip_30c4df23,no
tensorboard,,178,snip_e321072d,no
tensorboard,,178,snip_e7f7725c,no
tensorboard,,178,snip_378231d4,no
tensorboard,,178,snip_ed710839,no
tensorboard,,178,snip_b97c5321,no
tensorboard,,178,snip_62c6fde7,no
tensorboard,,178,snip_8022923f,no
tensorboard,,178,snip_42ecd3bc,no
tensorboard,,178,snip_db5fc604,yes
tensorboard,,178,snip_6eeaee7d,no
tensorboard,,178,snip_dc5f7179,yes
tensorboard,,178,snip_6ad34a0c,yes
tensorboard,,178,snip_b9de4337,no
tensorboard,,178,snip_d38d66ac,yes
tensorboard,,178,snip_9d536db0,no
whylogs,,3,snip_98bbf0aa,yes
whylogs,,3,snip_a95e3434,yes
whylogs,,3,snip_ac1d8e6c,yes
sacred,,2,snip_9d3bc294,yes
sacred,,2,snip_cca9e74c,yes
logging,info,1518,snip_c028db02,no
logging,info,1518,snip_c39b4c3d,no
logging,info,1518,snip_1392b1cb,no
logging,info,1518,snip_6f83ae20,no
logging,info,1518,snip_278dd805,no
logging,info,1518,snip_a51adf61,no
logging,info,1518,snip_7c8c4252,yes
logging,info,1518,snip_e616aafc,no
logging,info,1518,snip_9bd12c42,no
logging,info,1518,snip_77e8ca67,no
logging,info,1518,snip_9bffc150,yes
logging,info,1518,snip_625e4a21,no
logging,info,1518,snip_3b660da6,no
logging,info,1518,snip_88634901,no
logging,info,1518,snip_9750ff64,no
logging,info,1518,snip_430fd599,no
logging,info,1518,snip_48f1ff9d,no
logging,info,1518,snip_a30be0d5,no
logging,info,1518,snip_fdd25cec,no
logging,info,1518,snip_3a629a40,no
logging,info,1518,snip_ce40cc75,no
logging,info,1518,snip_107b10e4,no
logging,info,1518,snip_012e6cb2,no
logging,info,1518,snip_0959f326,no
logging,info,1518,snip_4411daf4,no
logging,info,1518,snip_d27110ac,no
logging,info,1518,snip_b8ff9138,no
logging,info,1518,snip_646db563,no
logging,info,1518,snip_ce054d18,no
logging,info,1518,snip_c7ed3ce3,no
logging,info,1518,snip_05acc91b,no
logging,info,1518,snip_13710d9e,no
logging,info,1518,snip_144738dd,no
logging,info,1518,snip_dc6da8e8,no
logging,info,1518,snip_0d13d87a,no
logging,info,1518,snip_972ff5b9,no
logging,info,1518,snip_03da3496,no
logging,info,1518,snip_88e008b2,no
logging,info,1518,snip_00abb9ec,no
logging,info,1518,snip_bbdb6ada,no
logging,info,1518,snip_2b94927c,no
logging,info,1518,snip_593e499e,no
logging,info,1518,snip_078604de,no
logging,info,1518,snip_8800cb3a,no
logging,info,1518,snip_26778fe4,no
logging,info,1518,snip_dbc8a002,no
logging,info,1518,snip_b75eb77c,no
logging,info,1518,snip_7a80df35,no
logging,info,1518,snip_9814deb3,no
logging,info,1518,snip_75ee0fcc,no
logging,info,1518,snip_e03f15ec,no
logging,info,1518,snip_cddc37c0,no
logging,info,1518,snip_67a91245,no
logging,info,1518,snip_f0e008f9,yes
logging,info,1518,snip_2cd56a95,no
logging,info,1518,snip_04f0914a,no
logging,info,1518,snip_c5c3af33,no
logging,info,1518,snip_64758cc4,no
logging,info,1518,snip_57ca8445,no
logging,info,1518,snip_d9fcc8ac,no
logging,info,1518,snip_09914b8f,no
logging,info,1518,snip_0e2f8fe7,no
logging,info,1518,snip_36b4db72,no
logging,info,1518,snip_1cc7d8fa,no
logging,info,1518,snip_6905d00e,no
logging,info,1518,snip_cef0f20c,no
logging,info,1518,snip_0bd79c78,no
logging,info,1518,snip_b5fbccdd,no
logging,info,1518,snip_e1e93c15,yes
logging,info,1518,snip_e4c39bd5,no
logging,info,1518,snip_81207040,no
logging,info,1518,snip_be5e3f26,no
logging,info,1518,snip_400aff19,no
logging,info,1518,snip_e4aa77de,no
logging,info,1518,snip_3750e07f,no
logging,info,1518,snip_d612c749,no
logging,info,1518,snip_8155a479,no
logging,info,1518,snip_f07e5055,no
logging,info,1518,snip_5da374c5,no
logging,info,1518,snip_0802fd0f,no
logging,info,1518,snip_28b29778,no
logging,info,1518,snip_32d34d78,no
logging,info,1518,snip_190554a3,no
logging,info,1518,snip_4a53a202,no
logging,info,1518,snip_fe62535b,no
logging,info,1518,snip_0305c7fd,no
logging,info,1518,snip_8c40e92f,no
logging,info,1518,snip_813aa093,no
logging,info,1518,snip_4217cc69,yes
logging,info,1518,snip_e27bae8a,no
logging,info,1518,snip_832670a6,no
logging,info,1518,snip_cbec7c33,no
logging,info,1518,snip_8a64222f,no
logging,info,1518,snip_76881a11,no
logging,info,1518,snip_af34861f,no
logging,info,1518,snip_46e4b9f3,no
logging,info,1518,snip_56f207eb,no
logging,info,1518,snip_0a98ec28,no
logging,info,1518,snip_eb904518,no
logging,info,1518,snip_fad81d6a,no
logging,info,1518,snip_710ce589,no
logging,info,1518,snip_b9cf0988,no
logging,info,1518,snip_dc7b5d5a,no
logging,info,1518,snip_c80b07b5,no
logging,info,1518,snip_a7d630a8,no
logging,info,1518,snip_ad67a301,no
logging,info,1518,snip_2231ad2d,no
logging,info,1518,snip_d6da8e2d,no
logging,info,1518,snip_b80c021d,no
logging,info,1518,snip_31a6c14c,no
logging,info,1518,snip_0e379e24,no
logging,info,1518,snip_9ef82667,no
logging,info,1518,snip_ee83ef15,yes
logging,info,1518,snip_863a2804,no
logging,info,1518,snip_163ccfee,no
logging,info,1518,snip_5c984e5f,no
logging,info,1518,snip_89513098,no
logging,info,1518,snip_efe00fbc,no
logging,info,1518,snip_3b287d1f,no
logging,info,1518,snip_999eb0a2,no
logging,info,1518,snip_d8013391,no
logging,info,1518,snip_4075d0aa,no
logging,info,1518,snip_7f94cbc4,no
logging,info,1518,snip_ed6805b1,no
logging,info,1518,snip_4284eb54,no
logging,info,1518,snip_c607c507,no
logging,info,1518,snip_f439a65f,no
logging,info,1518,snip_b0accd4b,no
logging,info,1518,snip_ff511016,no
logging,info,1518,snip_74ff27a1,no
logging,info,1518,snip_0892e6d0,no
logging,info,1518,snip_2e836820,no
logging,info,1518,snip_c4686bd8,no
logging,info,1518,snip_c136bd25,no
logging,info,1518,snip_14a5b71e,yes
logging,info,1518,snip_51044b63,no
logging,info,1518,snip_1b54a22e,no
logging,info,1518,snip_ef6a8599,no
logging,info,1518,snip_56d446aa,no
logging,info,1518,snip_ec4c6850,no
logging,info,1518,snip_c4abf842,no
logging,info,1518,snip_4dccd819,no
logging,info,1518,snip_8dd1995c,no
logging,info,1518,snip_e2b9118f,no
logging,info,1518,snip_b24491e5,no
logging,info,1518,snip_618b414a,no
logging,info,1518,snip_843c714b,no
logging,info,1518,snip_d69b6955,no
logging,info,1518,snip_33ec269a,no
logging,info,1518,snip_575e5de5,no
logging,info,1518,snip_7a1fe80a,no
logging,info,1518,snip_29ccf048,no
logging,info,1518,snip_1c1cd2f8,no
logging,info,1518,snip_4dbd0069,no
logging,info,1518,snip_6c6592fd,no
logging,info,1518,snip_73a03751,no
logging,info,1518,snip_4fbd2ff5,yes
logging,info,1518,snip_5716c305,no
logging,info,1518,snip_79f90452,no
logging,info,1518,snip_1d3b43cf,no
logging,info,1518,snip_3e1cc1cf,no
logging,info,1518,snip_d0ab8096,no
logging,info,1518,snip_72c5b26a,no
logging,info,1518,snip_c879796d,no
logging,info,1518,snip_97ba4b78,no
logging,info,1518,snip_32a65892,no
logging,info,1518,snip_be3322dd,no
logging,info,1518,snip_30f5f5e7,no
logging,info,1518,snip_a4f0beab,no
logging,info,1518,snip_ea14098e,no
logging,info,1518,snip_6d98ad8f,no
logging,info,1518,snip_1f89cd27,no
logging,info,1518,snip_68d321f7,no
logging,info,1518,snip_4acf684f,no
logging,info,1518,snip_55b650ed,no
logging,info,1518,snip_a0bd8948,no
logging,info,1518,snip_6248b446,no
logging,info,1518,snip_ceac1986,no
logging,info,1518,snip_0a17ccb2,no
logging,info,1518,snip_a489e108,no
logging,info,1518,snip_7f5503ee,no
logging,info,1518,snip_035aba8e,no
logging,info,1518,snip_e8d8a284,no
logging,info,1518,snip_2096c5d8,no
logging,info,1518,snip_b855dd75,no
logging,info,1518,snip_a830257e,no
logging,info,1518,snip_3bd39ea1,yes
logging,info,1518,snip_cc9b3d29,no
logging,info,1518,snip_515829ca,no
logging,info,1518,snip_2d9c23cd,no
logging,info,1518,snip_93f4cbe2,no
logging,info,1518,snip_aecdd4d2,no
logging,info,1518,snip_3fc0678d,no
logging,info,1518,snip_136f6f81,no
logging,info,1518,snip_6b7eba97,no
logging,info,1518,snip_574a407a,no
logging,info,1518,snip_fccc2774,no
logging,info,1518,snip_80e1980e,no
logging,info,1518,snip_09d0b159,no
logging,info,1518,snip_0c87e5da,no
logging,info,1518,snip_cd7fdb78,no
logging,info,1518,snip_d07df92d,no
logging,info,1518,snip_9d9c44fc,no
logging,info,1518,snip_604a0c64,no
logging,info,1518,snip_019cacad,no
logging,info,1518,snip_644ae4a6,no
logging,info,1518,snip_d5ba4829,no
logging,info,1518,snip_87d1efd3,no
logging,info,1518,snip_a9eb811b,no
logging,info,1518,snip_b95c4f1c,no
logging,info,1518,snip_3b1cd4d6,no
logging,info,1518,snip_c76cdb59,no
logging,info,1518,snip_de7f10a0,no
logging,info,1518,snip_619145f2,yes
logging,info,1518,snip_c869ff9a,no
logging,info,1518,snip_d683bfe9,no
logging,info,1518,snip_2e06be86,no
logging,info,1518,snip_822e405e,no
logging,info,1518,snip_680c928d,no
logging,info,1518,snip_dde95f2f,no
logging,info,1518,snip_f65715d6,no
logging,info,1518,snip_5f0ae219,no
logging,info,1518,snip_6eade4ae,no
logging,info,1518,snip_80108f57,no
logging,info,1518,snip_13b75460,no
logging,info,1518,snip_a99aa375,no
logging,info,1518,snip_7275ee45,no
logging,info,1518,snip_e5cf8a75,no
logging,info,1518,snip_1b936720,no
logging,info,1518,snip_8f398678,no
logging,info,1518,snip_e5f736af,no
logging,info,1518,snip_f8526e62,no
logging,info,1518,snip_9e075b12,no
logging,info,1518,snip_c1125cd1,no
logging,info,1518,snip_b9f44068,no
logging,info,1518,snip_b6ff898e,no
logging,info,1518,snip_188bf931,no
logging,info,1518,snip_44ae8458,no
logging,info,1518,snip_cb2fb071,no
logging,info,1518,snip_fbb3101e,no
logging,info,1518,snip_15135f20,no
logging,info,1518,snip_45dc2f50,no
logging,info,1518,snip_3ddc57e3,yes
logging,info,1518,snip_2a1195e9,yes
logging,info,1518,snip_4e8fb487,no
logging,info,1518,snip_46ece5cc,no
logging,info,1518,snip_d3a4a6f9,no
logging,info,1518,snip_d6af539b,no
logging,info,1518,snip_de97a4a2,no
logging,info,1518,snip_5eab16e0,no
logging,info,1518,snip_32f669a0,yes
logging,info,1518,snip_aef01fd7,no
logging,info,1518,snip_db654275,no
logging,info,1518,snip_3a3ed5d2,no
logging,info,1518,snip_f36eb9ac,no
logging,info,1518,snip_a6a4c448,no
logging,info,1518,snip_add8cfcb,no
logging,info,1518,snip_15fca840,no
logging,info,1518,snip_d679660a,yes
logging,info,1518,snip_acaa2f93,no
logging,info,1518,snip_64574ec9,no
logging,info,1518,snip_6c89c772,no
logging,info,1518,snip_c9b969e3,no
logging,info,1518,snip_904be6c4,yes
logging,info,1518,snip_955cd52d,no
logging,info,1518,snip_826d6249,no
logging,info,1518,snip_e12eb35d,no
logging,info,1518,snip_63737270,no
logging,info,1518,snip_1f1cc383,no
logging,info,1518,snip_44e593cf,no
logging,info,1518,snip_1ef5c169,no
logging,info,1518,snip_46f78b3b,no
logging,info,1518,snip_cf89373c,no
logging,info,1518,snip_b5b68c5f,no
logging,info,1518,snip_02f8e8df,no
logging,info,1518,snip_062d8fcf,no
logging,info,1518,snip_d231ae38,no
logging,info,1518,snip_d0f3a5fc,no
logging,info,1518,snip_b18fbba9,no
logging,info,1518,snip_c8dd8f25,no
logging,info,1518,snip_cb8a1ff5,no
logging,info,1518,snip_7655124f,no
logging,info,1518,snip_a0f6ab3a,no
logging,info,1518,snip_9bc76d0b,no
logging,info,1518,snip_b73b1a23,no
logging,info,1518,snip_fe1e1155,no
logging,info,1518,snip_1ee003f4,no
logging,info,1518,snip_815d6d41,no
logging,info,1518,snip_1875678a,no
logging,info,1518,snip_b743a693,no
logging,info,1518,snip_f07359bc,no
logging,info,1518,snip_02133519,no
logging,info,1518,snip_c9a5992f,yes
logging,info,1518,snip_6bc675b3,no
logging,info,1518,snip_6b147595,no
logging,info,1518,snip_381806c4,no
logging,info,1518,snip_b75d8f3b,no
logging,info,1518,snip_38fdcdd9,no
logging,info,1518,snip_a9b48e53,no
logging,info,1518,snip_0fdf656c,no
logging,info,1518,snip_328a5923,no
logging,info,1518,snip_7a79c747,no
logging,info,1518,snip_b4b29976,no
logging,info,1518,snip_2bbc490b,no
logging,info,1518,snip_f6b77421,no
logging,info,1518,snip_70319a14,no
logging,info,1518,snip_9cfa8b8b,no
logging,info,1518,snip_5b160880,no
logging,info,1518,snip_6a04f7fa,no
logging,info,1518,snip_c5e94a7b,no
logging,info,1518,snip_c5ff8f12,no
logging,info,1518,snip_b3b13a8e,no
logging,info,1518,snip_870861a7,no
logging,info,1518,snip_bc49977a,no
logging,info,1518,snip_03bd3360,no
logging,info,1518,snip_1e4a5b15,no
logging,info,1518,snip_15f41a6c,no
logging,info,1518,snip_b89169f8,no
logging,info,1518,snip_22c353ed,no
logging,info,1518,snip_3754bdd9,no
logging,info,1518,snip_ddc3f0e8,yes
logging,info,1518,snip_185176b5,yes
logging,info,1518,snip_e8dc5a6b,no
logging,info,1518,snip_407c1c37,no
logging,info,1518,snip_1f816cc8,no
logging,info,1518,snip_82cd4efc,no
logging,info,1518,snip_78458e04,no
logging,info,1518,snip_bfdd128f,no
logging,info,1518,snip_03a29905,no
logging,info,1518,snip_0ce2a39c,no
logging,info,1518,snip_cc6b4f99,no
logging,info,1518,snip_befb2281,no
logging,info,1518,snip_5b236c6c,no
logging,info,1518,snip_18ee1883,no
logging,info,1518,snip_d1e50e0b,no
logging,info,1518,snip_c26ee655,no
logging,info,1518,snip_53fb9ee1,no
logging,info,1518,snip_86ab912d,no
logging,info,1518,snip_e3db49e0,no
logging,info,1518,snip_e582ecfa,no
logging,info,1518,snip_ae5b269a,no
logging,info,1518,snip_310e68d8,no
logging,info,1518,snip_5ca81627,no
logging,info,1518,snip_a4179e50,no
logging,info,1518,snip_7fee5c3d,no
logging,info,1518,snip_a5a1badd,no
logging,info,1518,snip_45f6b4c7,no
logging,info,1518,snip_888e133d,no
logging,info,1518,snip_f8d954a0,no
logging,info,1518,snip_e7ca558e,no
logging,info,1518,snip_82175aa6,no
logging,info,1518,snip_fbf2bb31,no
logging,info,1518,snip_e793b569,no
logging,info,1518,snip_f77c83a1,no
logging,info,1518,snip_efd64625,no
logging,info,1518,snip_f6247d6c,yes
logging,info,1518,snip_0062de92,no
logging,info,1518,snip_6b37effd,no
logging,info,1518,snip_8e5373bf,no
logging,info,1518,snip_16f2463d,no
logging,info,1518,snip_dd818f11,yes
logging,info,1518,snip_c6b85401,no
logging,info,1518,snip_ae6598ab,no
logging,info,1518,snip_d094ee30,yes
logging,info,1518,snip_443dcc02,no
logging,info,1518,snip_8608c14a,no
logging,info,1518,snip_d340b849,no
logging,info,1518,snip_67969256,no
logging,info,1518,snip_d4f1e1ab,no
logging,info,1518,snip_48538efd,no
logging,info,1518,snip_ff63d64e,no
logging,info,1518,snip_fbabc8ce,no
logging,info,1518,snip_2e2b778a,no
logging,info,1518,snip_4ed3b5e6,no
logging,info,1518,snip_ade12ea6,no
logging,info,1518,snip_601b61c0,no
logging,info,1518,snip_9e43ecd4,no
logging,info,1518,snip_e038d44a,no
logging,info,1518,snip_6dd85417,no
logging,info,1518,snip_7cd47c63,yes
logging,info,1518,snip_f9b1936f,no
logging,info,1518,snip_fd7357b1,no
logging,info,1518,snip_d157cfab,no
logging,info,1518,snip_96a475b5,no
logging,info,1518,snip_0a9e8cab,yes
logging,info,1518,snip_5aa2adb5,no
logging,info,1518,snip_ec9c2120,no
logging,info,1518,snip_c5deb10f,no
logging,info,1518,snip_32d8f893,no
logging,info,1518,snip_511ecc59,no
logging,info,1518,snip_a87e779d,no
logging,info,1518,snip_1eba3873,no
logging,info,1518,snip_160ed650,no
logging,info,1518,snip_3c100cca,no
logging,info,1518,snip_97465dd9,no
logging,info,1518,snip_07794a5f,no
logging,info,1518,snip_5f9c9fa5,no
logging,info,1518,snip_cfe4f202,no
logging,info,1518,snip_a8f8c299,no
logging,info,1518,snip_a17ad2c3,no
logging,info,1518,snip_41125e40,no
logging,info,1518,snip_3a8946d2,no
logging,info,1518,snip_e8b0f985,no
logging,info,1518,snip_74330c21,no
logging,info,1518,snip_2dea3ce0,no
logging,info,1518,snip_3370f02d,no
logging,info,1518,snip_f76ccfcc,no
logging,info,1518,snip_ae80e31d,no
logging,info,1518,snip_cf091fb2,no
logging,info,1518,snip_03239e01,no
logging,info,1518,snip_21c61f6e,no
logging,info,1518,snip_4680f336,no
logging,info,1518,snip_aae950f7,no
logging,info,1518,snip_39f487c5,no
logging,info,1518,snip_daa611d0,no
logging,info,1518,snip_8d9a2c97,no
logging,info,1518,snip_79bc10d6,no
logging,info,1518,snip_9389ee1f,no
logging,info,1518,snip_5862603d,no
logging,info,1518,snip_5ac3424e,no
logging,info,1518,snip_11f302df,no
logging,info,1518,snip_0fd9e8b8,no
logging,info,1518,snip_d18975bb,no
logging,info,1518,snip_3e795073,no
logging,info,1518,snip_a46dd283,no
logging,info,1518,snip_1333312a,no
logging,info,1518,snip_249f1e8c,no
logging,info,1518,snip_d68f30f4,no
logging,info,1518,snip_07148c04,no
logging,info,1518,snip_d353dda6,no
logging,info,1518,snip_4e1ac6b2,no
logging,info,1518,snip_3fa65f8d,no
logging,info,1518,snip_34bd5f8c,no
logging,info,1518,snip_8894a154,no
logging,info,1518,snip_93fc8dd5,no
logging,info,1518,snip_8f874ee7,no
logging,info,1518,snip_671a06d7,no
logging,info,1518,snip_c9d94d81,no
logging,info,1518,snip_c714aa48,no
logging,info,1518,snip_f1b2faf5,no
logging,info,1518,snip_c704e9f3,no
logging,info,1518,snip_c78e9de2,no
logging,info,1518,snip_bcd23311,no
logging,info,1518,snip_1ae921e5,no
logging,info,1518,snip_f24034a8,no
logging,info,1518,snip_529c31e9,no
logging,info,1518,snip_425f4086,no
logging,info,1518,snip_d2ab0794,no
logging,info,1518,snip_8c2304e8,no
logging,info,1518,snip_7e734cfc,no
logging,info,1518,snip_8397b62a,no
logging,info,1518,snip_e4e65aeb,no
logging,info,1518,snip_c82b6517,no
logging,info,1518,snip_61b748f8,no
logging,info,1518,snip_59f97d96,no
logging,info,1518,snip_313fda89,no
logging,info,1518,snip_5ddecbac,yes
logging,info,1518,snip_0924fd97,no
logging,info,1518,snip_88033a4e,no
logging,info,1518,snip_6db32e34,no
logging,info,1518,snip_11a692d7,yes
logging,info,1518,snip_0a2b44d2,yes
logging,info,1518,snip_14760dfa,no
logging,info,1518,snip_6918e24d,no
logging,info,1518,snip_c8a53066,no
logging,info,1518,snip_aac529d9,no
logging,info,1518,snip_10dca145,no
logging,info,1518,snip_5c71e658,no
logging,info,1518,snip_ddc29716,no
logging,info,1518,snip_191c7581,no
logging,info,1518,snip_56f15647,no
logging,info,1518,snip_4f83327d,no
logging,info,1518,snip_718b72fb,no
logging,info,1518,snip_d528adcb,no
logging,info,1518,snip_b031944a,no
logging,info,1518,snip_d97ad76f,no
logging,info,1518,snip_13f778a4,no
logging,exception,106,snip_7ae9b1b7,no
logging,exception,106,snip_171dbe52,no
logging,exception,106,snip_caeb68c7,yes
logging,exception,106,snip_7ff2ba53,no
logging,exception,106,snip_7e2954e6,no
logging,exception,106,snip_2c7c1705,no
logging,exception,106,snip_6fb787a5,no
logging,exception,106,snip_eff5170d,no
logging,exception,106,snip_749e36ee,no
logging,exception,106,snip_848b0991,no
logging,exception,106,snip_c43ec066,no
logging,exception,106,snip_0ef2f055,no
logging,exception,106,snip_393cbe18,yes
logging,exception,106,snip_0de0c8ee,no
logging,exception,106,snip_17422b71,no
logging,exception,106,snip_5dfc9050,no
logging,exception,106,snip_b60608e1,no
logging,exception,106,snip_772cfd06,no
logging,exception,106,snip_5dbde717,no
logging,exception,106,snip_ddd6864c,no
logging,exception,106,snip_26a389c7,no
logging,exception,106,snip_d88f6b30,no
logging,exception,106,snip_22e736e6,no
logging,exception,106,snip_d89aa7e6,no
logging,exception,106,snip_dc68085a,no
logging,exception,106,snip_f2a7234c,no
logging,exception,106,snip_c035dcad,no
logging,exception,106,snip_f07b68c2,no
logging,exception,106,snip_4cc77465,no
logging,exception,106,snip_2b81adcb,no
logging,exception,106,snip_1b09097a,no
logging,exception,106,snip_14c5043b,no
logging,exception,106,snip_71349ff4,no
logging,exception,106,snip_0e8561e2,no
logging,exception,106,snip_493e1960,no
logging,exception,106,snip_fb777acf,no
logging,exception,106,snip_55f430f0,no
logging,exception,106,snip_2423e72c,no
logging,exception,106,snip_064a4064,no
logging,exception,106,snip_3335c064,no
logging,exception,106,snip_effab9bc,no
logging,exception,106,snip_8940a229,no
logging,exception,106,snip_8f2ceebe,no
logging,exception,106,snip_14f50c40,no
logging,exception,106,snip_0dfe07c6,no
logging,exception,106,snip_838c596d,no
logging,exception,106,snip_de34adbd,no
logging,exception,106,snip_eabbc04a,no
logging,exception,106,snip_7c5a4910,no
logging,exception,106,snip_c317a9ea,no
logging,exception,106,snip_a1e28a66,no
logging,exception,106,snip_bb642c42,no
logging,exception,106,snip_73070a24,no
logging,exception,106,snip_01313554,no
logging,exception,106,snip_d08f524f,no
logging,exception,106,snip_7348b45e,no
logging,exception,106,snip_26251eb6,no
logging,exception,106,snip_45a342fe,no
logging,exception,106,snip_4badf1c0,no
logging,exception,106,snip_69f72ea2,no
logging,exception,106,snip_d619a3f9,no
logging,exception,106,snip_1efffe07,no
logging,exception,106,snip_1fce9d98,no
logging,exception,106,snip_1cc7f307,no
logging,exception,106,snip_9ec442f9,no
logging,exception,106,snip_3c597ce0,no
logging,exception,106,snip_a00e955d,no
logging,exception,106,snip_c953170f,no
logging,exception,106,snip_4e777933,no
logging,exception,106,snip_a2721753,no
logging,exception,106,snip_c6071626,no
logging,exception,106,snip_353bd1d2,no
logging,exception,106,snip_eb7768be,no
logging,exception,106,snip_ae4e40dc,no
logging,exception,106,snip_6cd1f864,no
logging,exception,106,snip_87e70644,no
logging,exception,106,snip_fcac5bfb,no
logging,exception,106,snip_5730cfd6,no
logging,exception,106,snip_09170c0d,no
logging,exception,106,snip_9e291f30,no
logging,exception,106,snip_c50f587b,no
logging,exception,106,snip_54b1c24a,no
logging,exception,106,snip_366ef36c,no
logging,exception,106,snip_832a7f4e,no
logging,exception,106,snip_7ea5b304,no
logging,exception,106,snip_35afbe1d,no
logging,exception,106,snip_c881ec0a,no
logging,exception,106,snip_09fd5dd8,no
logging,exception,106,snip_4ac41781,no
logging,exception,106,snip_7893cb57,no
logging,exception,106,snip_a6a39317,no
logging,exception,106,snip_cd5a6d81,no
logging,debug,343,snip_ce654168,no
logging,debug,343,snip_3295946f,no
logging,debug,343,snip_36414fc7,no
logging,debug,343,snip_1f872286,no
logging,debug,343,snip_7b0e2060,no
logging,debug,343,snip_770c7bb5,no
logging,debug,343,snip_ac3b2e5a,no
logging,debug,343,snip_0bec17d3,no
logging,debug,343,snip_a0cc1f1e,no
logging,debug,343,snip_8b25be0d,no
logging,debug,343,snip_85bfe0ef,no
logging,debug,343,snip_a0321a31,no
logging,debug,343,snip_9a6eee70,no
logging,debug,343,snip_7c03ea14,no
logging,debug,343,snip_50d5fe57,no
logging,debug,343,snip_0d7c0cf4,no
logging,debug,343,snip_6f43dae3,no
logging,debug,343,snip_b05e1f06,no
logging,debug,343,snip_5e976b44,no
logging,debug,343,snip_11976273,no
logging,debug,343,snip_ea9e4239,no
logging,debug,343,snip_d4b790b0,no
logging,debug,343,snip_3b27c32e,no
logging,debug,343,snip_46b81d15,no
logging,debug,343,snip_2b625178,no
logging,debug,343,snip_1dda2fe3,no
logging,debug,343,snip_9184513a,no
logging,debug,343,snip_a63c1af1,no
logging,debug,343,snip_4f9f23a1,no
logging,debug,343,snip_db7c75dd,no
logging,debug,343,snip_ae825a74,no
logging,debug,343,snip_ba7b1576,no
logging,debug,343,snip_c2a90054,no
logging,debug,343,snip_8b106ae4,no
logging,debug,343,snip_2fc223e9,no
logging,debug,343,snip_5a58ff3e,no
logging,debug,343,snip_05c57490,no
logging,debug,343,snip_498f488f,no
logging,debug,343,snip_09de905c,no
logging,debug,343,snip_491ea94d,no
logging,debug,343,snip_2adbe378,no
logging,debug,343,snip_b7bd7d38,no
logging,debug,343,snip_44fae7df,no
logging,debug,343,snip_170ce259,no
logging,debug,343,snip_9001681f,no
logging,debug,343,snip_9cf21557,no
logging,debug,343,snip_e96a530a,no
logging,debug,343,snip_4d5d3e14,no
logging,debug,343,snip_4c9d9eb6,no
logging,debug,343,snip_eb40e307,no
logging,debug,343,snip_5c77402f,no
logging,debug,343,snip_d97596c1,no
logging,debug,343,snip_4dc232a3,no
logging,debug,343,snip_d9eb7830,yes
logging,debug,343,snip_f74e814d,no
logging,debug,343,snip_e74381ce,no
logging,debug,343,snip_e5bc5e6f,no
logging,debug,343,snip_cad6ef9c,no
logging,debug,343,snip_fc488ef1,yes
logging,debug,343,snip_4ea95b74,no
logging,debug,343,snip_0a7dd9e2,no
logging,debug,343,snip_391169f8,no
logging,debug,343,snip_2c59d2e5,no
logging,debug,343,snip_b5245449,no
logging,debug,343,snip_0af8ba4e,no
logging,debug,343,snip_9ebb6e70,no
logging,debug,343,snip_c0e64fff,no
logging,debug,343,snip_fa6571d4,no
logging,debug,343,snip_7f6348eb,no
logging,debug,343,snip_d71a38b6,no
logging,debug,343,snip_c0e5f00c,no
logging,debug,343,snip_5adc4b7a,no
logging,debug,343,snip_71f9018a,no
logging,debug,343,snip_65fbfa3e,no
logging,debug,343,snip_c8b4801d,no
logging,debug,343,snip_91abc09d,no
logging,debug,343,snip_f6837b6c,no
logging,debug,343,snip_feeb8cca,no
logging,debug,343,snip_29d6aa1d,no
logging,debug,343,snip_86495238,no
logging,debug,343,snip_18251396,no
logging,debug,343,snip_e4263fce,no
logging,debug,343,snip_1788bb00,no
logging,debug,343,snip_15a8cc75,no
logging,debug,343,snip_2348bbeb,no
logging,debug,343,snip_0fe0f3c6,no
logging,debug,343,snip_596e3d8c,no
logging,debug,343,snip_7f7f4a42,no
logging,debug,343,snip_838b42e2,no
logging,debug,343,snip_4daba43f,no
logging,debug,343,snip_2ecb5c58,no
logging,debug,343,snip_3adc5e13,no
logging,debug,343,snip_ac1973de,no
logging,debug,343,snip_203f3d91,no
logging,debug,343,snip_3ce9c583,no
logging,debug,343,snip_376c2026,no
logging,debug,343,snip_1c159181,no
logging,debug,343,snip_80c564ca,no
logging,debug,343,snip_43b2c492,no
logging,debug,343,snip_690f56a1,no
logging,debug,343,snip_bb244155,no
logging,debug,343,snip_5d064dfa,no
logging,debug,343,snip_5f5eb9ee,no
logging,debug,343,snip_b6948004,no
logging,debug,343,snip_37372c0b,no
logging,debug,343,snip_297c9a75,no
logging,debug,343,snip_c1cd5e6e,no
logging,debug,343,snip_d1458c3c,no
logging,debug,343,snip_092a659b,no
logging,debug,343,snip_51228501,no
logging,debug,343,snip_fff2bf95,no
logging,debug,343,snip_796ebd07,no
logging,debug,343,snip_ba00788d,no
logging,debug,343,snip_cef59127,no
logging,debug,343,snip_5d7cb0f6,no
logging,debug,343,snip_c838f098,no
logging,debug,343,snip_a13449ef,no
logging,debug,343,snip_46cc0d84,no
logging,debug,343,snip_0a2eff3a,no
logging,debug,343,snip_feedad64,no
logging,debug,343,snip_3e8a38ac,no
logging,debug,343,snip_b5d7bf75,no
logging,debug,343,snip_e089e85f,no
logging,debug,343,snip_c68e17da,no
logging,debug,343,snip_87c543f5,no
logging,debug,343,snip_adbd834b,no
logging,debug,343,snip_308f7f00,no
logging,debug,343,snip_9e132cdb,no
logging,debug,343,snip_868bd120,no
logging,debug,343,snip_225d6b0e,no
logging,debug,343,snip_229cb90b,no
logging,debug,343,snip_2c72e522,no
logging,debug,343,snip_c5184026,no
logging,debug,343,snip_5a50c239,no
logging,debug,343,snip_977584af,no
logging,debug,343,snip_ca60e098,no
logging,debug,343,snip_9af4bbd3,no
logging,debug,343,snip_c5d7b0a8,no
logging,debug,343,snip_3ced2a87,no
logging,debug,343,snip_72705f34,no
logging,debug,343,snip_8740a940,no
logging,debug,343,snip_c65862bb,no
logging,debug,343,snip_3ecb7827,no
logging,debug,343,snip_ef4c881d,no
logging,debug,343,snip_c0d00a76,no
logging,debug,343,snip_da76de46,no
logging,debug,343,snip_1f9df2a4,no
logging,debug,343,snip_b6f92dc4,no
logging,debug,343,snip_d129e14d,yes
logging,debug,343,snip_9e8f0bc5,no
logging,debug,343,snip_2b180b07,no
logging,debug,343,snip_d96c38ce,no
logging,debug,343,snip_1401a4de,no
logging,debug,343,snip_fdff9ef5,no
logging,debug,343,snip_0727983f,no
logging,debug,343,snip_e074c6cd,no
logging,debug,343,snip_b5544e26,no
logging,debug,343,snip_c8f43de4,no
logging,debug,343,snip_61adf627,no
logging,debug,343,snip_6ffa3025,no
logging,debug,343,snip_f2e9d1aa,no
logging,debug,343,snip_21765f17,no
logging,debug,343,snip_3c716038,no
logging,debug,343,snip_119fefc3,no
logging,debug,343,snip_8e7755a5,no
logging,debug,343,snip_938a987b,no
logging,debug,343,snip_3105883f,no
logging,debug,343,snip_269a6dfd,no
logging,debug,343,snip_e0233355,no
logging,debug,343,snip_8a5b62b1,no
logging,debug,343,snip_d340e93e,no
logging,debug,343,snip_670a0870,no
logging,debug,343,snip_c4553a62,no
logging,debug,343,snip_ee84b0d0,no
logging,debug,343,snip_7f9e8063,yes
logging,debug,343,snip_82520186,no
logging,debug,343,snip_c6913213,no
logging,debug,343,snip_0242e0d5,no
logging,debug,343,snip_a1a5aed7,no
logging,debug,343,snip_987518fe,no
logging,debug,343,snip_b58f6343,no
logging,debug,343,snip_0c69d904,no
logging,debug,343,snip_ea31396e,no
logging,debug,343,snip_2e024a39,no
logging,debug,343,snip_fa553a24,yes
logging,debug,343,snip_55a2337f,no
logging,debug,343,snip_e4a10d8c,no
logging,debug,343,snip_e473c29d,no
logging,debug,343,snip_6c8336a3,no
logging,debug,343,snip_a0ede216,no
logging,debug,343,snip_affc8976,no
logging,debug,343,snip_892ae93a,no
logging,debug,343,snip_74f30439,no
logging,debug,343,snip_77d42f0a,no
logging,debug,343,snip_f094c502,no
logging,debug,343,snip_82858213,no
logging,debug,343,snip_ab63e5f7,no
logging,debug,343,snip_f6385a3d,no
logging,debug,343,snip_ff57182a,no
logging,debug,343,snip_9a0d0584,no
logging,debug,343,snip_d2239d16,no
logging,debug,343,snip_4165c843,no
logging,debug,343,snip_417621d6,no
logging,debug,343,snip_9d6cfd36,no
logging,debug,343,snip_ca10ac4b,no
logging,debug,343,snip_a9795809,no
logging,debug,343,snip_bdaf6f5d,no
logging,debug,343,snip_868076ac,no
logging,debug,343,snip_5a7070b0,no
logging,debug,343,snip_7706186c,no
logging,debug,343,snip_85f70861,no
logging,debug,343,snip_10b03410,no
logging,debug,343,snip_465a83aa,no
logging,debug,343,snip_a0c29ebc,yes
logging,debug,343,snip_5247fa6c,no
logging,debug,343,snip_1c8f08df,no
logging,debug,343,snip_d1daf463,no
logging,debug,343,snip_571dd919,no
logging,debug,343,snip_de7986b8,no
logging,debug,343,snip_7e9f6bcc,no
logging,debug,343,snip_8fbf1b79,no
logging,debug,343,snip_72114288,no
logging,debug,343,snip_cab041e7,no
logging,debug,343,snip_b937d67f,no
logging,debug,343,snip_b69f9061,no
logging,debug,343,snip_0eed1b85,no
logging,debug,343,snip_9cbc8bcd,no
logging,error,357,snip_cd0823cd,no
logging,error,357,snip_7fd8514c,no
logging,error,357,snip_936d7420,no
logging,error,357,snip_cf9906cb,no
logging,error,357,snip_0e7c0baf,no
logging,error,357,snip_5aeb518a,no
logging,error,357,snip_5d72e44d,no
logging,error,357,snip_638a4f53,no
logging,error,357,snip_42f63e59,no
logging,error,357,snip_2d683e98,no
logging,error,357,snip_2e00d6aa,no
logging,error,357,snip_ca6ecf33,no
logging,error,357,snip_8ab8a0a3,no
logging,error,357,snip_4cdd6585,no
logging,error,357,snip_65da064e,no
logging,error,357,snip_f2e9ed8c,no
logging,error,357,snip_a41e7b3a,no
logging,error,357,snip_d1ab7270,no
logging,error,357,snip_ff7ccc87,no
logging,error,357,snip_2494b74b,no
logging,error,357,snip_5b093704,no
logging,error,357,snip_81aa0ad1,no
logging,error,357,snip_401d1b56,no
logging,error,357,snip_ab0b1cc4,no
logging,error,357,snip_97ea4029,no
logging,error,357,snip_ab28774e,no
logging,error,357,snip_0ac12aeb,no
logging,error,357,snip_f957e1ca,no
logging,error,357,snip_15d69e87,no
logging,error,357,snip_744ac8c4,no
logging,error,357,snip_a6e10949,no
logging,error,357,snip_305680e1,no
logging,error,357,snip_e36aeaad,no
logging,error,357,snip_499dfad2,no
logging,error,357,snip_42b8523f,no
logging,error,357,snip_b1b7fde2,no
logging,error,357,snip_07cd1dba,no
logging,error,357,snip_41291525,yes
logging,error,357,snip_f177f8a7,no
logging,error,357,snip_d5ac3db0,no
logging,error,357,snip_293c8f2b,no
logging,error,357,snip_89384a66,no
logging,error,357,snip_c92d81d3,no
logging,error,357,snip_d54c0f4f,yes
logging,error,357,snip_69e5fe63,no
logging,error,357,snip_1d90184a,no
logging,error,357,snip_17097928,no
logging,error,357,snip_66fb4bad,no
logging,error,357,snip_43505e18,no
logging,error,357,snip_bec1b92d,no
logging,error,357,snip_81dbee77,no
logging,error,357,snip_ea608252,no
logging,error,357,snip_69925ae7,no
logging,error,357,snip_e5e23de0,no
logging,error,357,snip_591b52bc,no
logging,error,357,snip_acdc27e3,no
logging,error,357,snip_17d55cd8,no
logging,error,357,snip_5c7298e5,no
logging,error,357,snip_43562e96,no
logging,error,357,snip_0f4a6d26,no
logging,error,357,snip_773dffac,no
logging,error,357,snip_80fce3f3,no
logging,error,357,snip_7cde3137,no
logging,error,357,snip_3a474e66,no
logging,error,357,snip_4078e8c6,no
logging,error,357,snip_df35ec85,no
logging,error,357,snip_18619919,no
logging,error,357,snip_7a9f3e1e,no
logging,error,357,snip_95f8f6bc,no
logging,error,357,snip_a623fbe7,no
logging,error,357,snip_5eda911e,no
logging,error,357,snip_5eceee5c,no
logging,error,357,snip_7f0edd9f,no
logging,error,357,snip_ef448638,no
logging,error,357,snip_eea963c6,no
logging,error,357,snip_a80fa852,no
logging,error,357,snip_dcde25c4,no
logging,error,357,snip_e4b3b690,no
logging,error,357,snip_68fa7fba,no
logging,error,357,snip_50423af0,no
logging,error,357,snip_564342a1,no
logging,error,357,snip_170931b3,no
logging,error,357,snip_6050e0d8,no
logging,error,357,snip_8fb70966,no
logging,error,357,snip_3c434400,no
logging,error,357,snip_8bccc0ba,no
logging,error,357,snip_44344cbd,no
logging,error,357,snip_5e9b395f,no
logging,error,357,snip_eb0d8e4d,no
logging,error,357,snip_4e5370c1,no
logging,error,357,snip_39a46b30,no
logging,error,357,snip_987e6a5f,no
logging,error,357,snip_ae83b29c,no
logging,error,357,snip_723871f5,no
logging,error,357,snip_19f48f91,no
logging,error,357,snip_591eab6b,no
logging,error,357,snip_b129eeff,no
logging,error,357,snip_64d45401,no
logging,error,357,snip_61f874dc,no
logging,error,357,snip_60d1a1cb,no
logging,error,357,snip_f18b851c,no
logging,error,357,snip_a9608a06,no
logging,error,357,snip_5aefd367,no
logging,error,357,snip_fdb25612,no
logging,error,357,snip_a4f60526,no
logging,error,357,snip_8d6c60d1,yes
logging,error,357,snip_b2842c6f,no
logging,error,357,snip_b70f59d1,no
logging,error,357,snip_5a02cdf6,no
logging,error,357,snip_43196f79,no
logging,error,357,snip_c0ee04b3,no
logging,error,357,snip_476b4e68,no
logging,error,357,snip_942fb16f,no
logging,error,357,snip_9012decd,no
logging,error,357,snip_8917184c,no
logging,error,357,snip_fbb284ff,no
logging,error,357,snip_21dc33fe,no
logging,error,357,snip_5afbb612,no
logging,error,357,snip_616cbbd5,no
logging,error,357,snip_f5d5f340,no
logging,error,357,snip_94eccd8d,no
logging,error,357,snip_454af938,no
logging,error,357,snip_5781fbaa,yes
logging,error,357,snip_1a2b5019,no
logging,error,357,snip_e1ff3bc3,no
logging,error,357,snip_aca4df33,no
logging,error,357,snip_d902d5a8,no
logging,error,357,snip_2e93c5ae,no
logging,error,357,snip_e71c9679,no
logging,error,357,snip_e13d3fb7,no
logging,error,357,snip_69902a4e,no
logging,error,357,snip_163f0f2f,no
logging,error,357,snip_89f2e8e3,yes
logging,error,357,snip_e070d51a,no
logging,error,357,snip_ee693f56,no
logging,error,357,snip_f12dd54c,no
logging,error,357,snip_5e444499,no
logging,error,357,snip_48129353,no
logging,error,357,snip_bf75bd04,no
logging,error,357,snip_11117534,no
logging,error,357,snip_bcc1bff7,no
logging,error,357,snip_e8d51df6,yes
logging,error,357,snip_65a66130,no
logging,error,357,snip_aa204a2c,no
logging,error,357,snip_ff38a9a5,no
logging,error,357,snip_78544159,no
logging,error,357,snip_43f84c98,no
logging,error,357,snip_0c2de395,no
logging,error,357,snip_0b2dbca1,no
logging,error,357,snip_c06c1dd2,no
logging,error,357,snip_a7ec40fc,no
logging,error,357,snip_a2b41877,no
logging,error,357,snip_c77bfe21,no
logging,error,357,snip_246846a1,no
logging,error,357,snip_1a2ab6c6,no
logging,error,357,snip_c13f8c6a,no
logging,error,357,snip_b93519ce,no
logging,error,357,snip_1bc2992b,yes
logging,error,357,snip_c736e943,no
logging,error,357,snip_be4100f6,no
logging,error,357,snip_5b75e8b6,no
logging,error,357,snip_e9ab55cd,no
logging,error,357,snip_89926903,no
logging,error,357,snip_6cf747d8,no
logging,error,357,snip_0190654b,no
logging,error,357,snip_13987c3c,no
logging,error,357,snip_7481123f,no
logging,error,357,snip_fc2c73c5,no
logging,error,357,snip_928e4c53,no
logging,error,357,snip_6a2577f1,no
logging,error,357,snip_21e5ca28,no
logging,error,357,snip_787ba239,no
logging,error,357,snip_ce298cd1,no
logging,error,357,snip_f497b5a8,no
logging,error,357,snip_7e986c55,no
logging,error,357,snip_dfcbb329,no
logging,error,357,snip_08d24b3a,no
logging,error,357,snip_1c15d387,no
logging,error,357,snip_037cb85d,no
logging,error,357,snip_632333e4,no
logging,error,357,snip_d39ee84a,no
logging,error,357,snip_6efbf521,no
logging,error,357,snip_cc6a045e,no
logging,error,357,snip_e8d3844b,no
logging,error,357,snip_2816e36e,no
logging,error,357,snip_9756abb5,no
logging,error,357,snip_6993b81f,no
logging,error,357,snip_0a546930,no
logging,error,357,snip_141ef936,no
logging,error,357,snip_f808eb1a,no
logging,error,357,snip_aabe16e2,no
logging,error,357,snip_4bdd4b6a,no
logging,error,357,snip_966c95e8,no
logging,error,357,snip_1b9533c7,no
logging,error,357,snip_5211c73f,no
logging,error,357,snip_8ac64dd6,no
logging,error,357,snip_9d830633,no
logging,error,357,snip_e59cd43f,no
logging,error,357,snip_f26f1c64,no
logging,error,357,snip_98a957e2,no
logging,error,357,snip_61f00809,no
logging,error,357,snip_d6623dbd,no
logging,error,357,snip_96f5c8b8,no
logging,error,357,snip_d2e4c0e9,no
logging,error,357,snip_e2371f8b,no
logging,error,357,snip_9622282e,no
logging,error,357,snip_cdc0b251,no
logging,error,357,snip_729c6937,no
logging,error,357,snip_f2bd8f4d,no
logging,error,357,snip_8a32388e,no
logging,error,357,snip_6df4d96c,no
logging,error,357,snip_6a849798,no
logging,error,357,snip_77cb6b8b,no
logging,error,357,snip_a630029b,no
logging,error,357,snip_774baf4f,no
logging,error,357,snip_0308af16,no
logging,error,357,snip_a62f22b1,no
logging,error,357,snip_35c953ad,no
logging,error,357,snip_7fbbb7a1,yes
logging,error,357,snip_7c7b7b88,no
logging,error,357,snip_230ef7e2,no
logging,error,357,snip_41a0cdf9,no
logging,error,357,snip_7be57ba5,no
logging,error,357,snip_5c55c11d,no
logging,error,357,snip_e3723fcf,no
logging,error,357,snip_4d38084f,no
logging,error,357,snip_b3d75b64,no
logging,error,357,snip_5e3c7dc9,no
logging,error,357,snip_5fb9718e,no
logging,error,357,snip_0123bd14,no
logging,error,357,snip_76fc5b3a,no
logging,error,357,snip_a89934a8,no
logging,fatal,10,snip_0fa98deb,no
logging,fatal,10,snip_1c73da44,no
logging,fatal,10,snip_8612c1cc,no
logging,fatal,10,snip_e8a4d54a,no
logging,fatal,10,snip_d0c8b98a,no
logging,fatal,10,snip_b04262f4,no
logging,fatal,10,snip_a024634b,no
logging,fatal,10,snip_a0db1ba1,no
logging,fatal,10,snip_38f1c244,no
logging,fatal,10,snip_ec7af16e,no
logging,critical,18,snip_5d85c390,no
logging,critical,18,snip_7cb8f285,no
logging,critical,18,snip_618fcaf5,no
logging,critical,18,snip_d0412666,no
logging,critical,18,snip_0904b61c,no
logging,critical,18,snip_6ee50707,no
logging,critical,18,snip_aaf9329b,no
logging,critical,18,snip_bafb7c6f,no
logging,critical,18,snip_7944646e,no
logging,critical,18,snip_decf67b1,no
logging,critical,18,snip_0f517d4d,no
logging,critical,18,snip_214c7341,no
logging,critical,18,snip_392e5d29,no
logging,critical,18,snip_11eb307b,no
logging,critical,18,snip_aa022efe,no
logging,critical,18,snip_d550fa1e,no
logging,critical,18,snip_1f9c84b7,no
logging,critical,18,snip_fe21221e,no
